qid,system,cutoff,ndcg
1006728,ColBERT,1,0.5
1040198,ColBERT,1,0.6666666666666666
1104300,ColBERT,1,1.0
1104447,ColBERT,1,1.0
1107704,ColBERT,1,0.0
1107821,ColBERT,1,0.5
1109840,ColBERT,1,0.3333333333333333
1110996,ColBERT,1,0.6666666666666666
1111577,ColBERT,1,0.6666666666666666
1113361,ColBERT,1,1.0
1117243,ColBERT,1,0.3333333333333333
1118716,ColBERT,1,1.0
1121909,ColBERT,1,1.0
112700,ColBERT,1,0.3333333333333333
1128632,ColBERT,1,0.3333333333333333
1129560,ColBERT,1,1.0
168329,ColBERT,1,1.0
190623,ColBERT,1,1.0
2082,ColBERT,1,1.0
226975,ColBERT,1,1.0
23287,ColBERT,1,0.0
237669,ColBERT,1,0.3333333333333333
253263,ColBERT,1,0.5
300025,ColBERT,1,0.6666666666666666
300986,ColBERT,1,0.6666666666666666
30611,ColBERT,1,0.0
337656,ColBERT,1,1.0
364210,ColBERT,1,0.6666666666666666
395948,ColBERT,1,0.3333333333333333
421946,ColBERT,1,0.3333333333333333
493490,ColBERT,1,1.0
505390,ColBERT,1,0.6666666666666666
508292,ColBERT,1,0.5
540006,ColBERT,1,0.3333333333333333
596569,ColBERT,1,0.3333333333333333
629937,ColBERT,1,0.3333333333333333
646091,ColBERT,1,0.6666666666666666
647362,ColBERT,1,1.0
661905,ColBERT,1,0.5
681645,ColBERT,1,0.6666666666666666
688007,ColBERT,1,0.3333333333333333
707882,ColBERT,1,1.0
764738,ColBERT,1,0.6666666666666666
806694,ColBERT,1,1.0
818583,ColBERT,1,0.6666666666666666
832573,ColBERT,1,0.0
835760,ColBERT,1,0.6666666666666666
845121,ColBERT,1,0.0
935353,ColBERT,1,0.3333333333333333
935964,ColBERT,1,1.0
952262,ColBERT,1,1.0
952284,ColBERT,1,0.0
975079,ColBERT,1,0.6666666666666666
1006728,ColBERT,3,0.35195904451706733
1040198,ColBERT,3,0.7653606369886218
1104300,ColBERT,3,1.0
1104447,ColBERT,3,1.0
1107704,ColBERT,3,0.0
1107821,ColBERT,3,0.7653606369886217
1109840,ColBERT,3,0.5248827916050821
1110996,ColBERT,3,0.7653606369886218
1111577,ColBERT,3,0.5102404246590811
1113361,ColBERT,3,1.0
1117243,ColBERT,3,0.5535340503161801
1118716,ColBERT,3,0.7243989383522971
1121909,ColBERT,3,0.8435737579924145
112700,ColBERT,3,0.4049765583210164
1128632,ColBERT,3,0.6199062332840657
1129560,ColBERT,3,0.8435737579924145
168329,ColBERT,3,0.8230929086742522
190623,ColBERT,3,0.8303010754742701
2082,ColBERT,3,0.8435737579924145
226975,ColBERT,3,0.4692787260227565
23287,ColBERT,3,0.35381418265149567
237669,ColBERT,3,0.46868458805331514
253263,ColBERT,3,0.38268031849431083
300025,ColBERT,3,0.6089343949810363
300986,ColBERT,3,0.7653606369886218
30611,ColBERT,3,0.1973879406439102
337656,ColBERT,3,0.4692787260227565
364210,ColBERT,3,0.7232329748419101
395948,ColBERT,3,0.43202730365528846
421946,ColBERT,3,0.5884535456628739
493490,ColBERT,3,0.8026120593560899
505390,ColBERT,3,0.6666666666666667
508292,ColBERT,3,0.5
540006,ColBERT,3,0.687147515984829
596569,ColBERT,3,0.6089343949810363
629937,ColBERT,3,0.687147515984829
646091,ColBERT,3,0.5884535456628739
647362,ColBERT,3,1.0
661905,ColBERT,3,0.5
681645,ColBERT,3,0.7149296749630493
688007,ColBERT,3,0.33333333333333337
707882,ColBERT,3,0.9217868789962073
764738,ColBERT,3,0.6666666666666667
806694,ColBERT,3,0.8026120593560899
818583,ColBERT,3,0.7232329748419101
832573,ColBERT,3,0.1973879406439102
835760,ColBERT,3,0.7448797876704595
845121,ColBERT,3,0.5307212739772436
935353,ColBERT,3,0.35381418265149567
935964,ColBERT,3,1.0
952262,ColBERT,3,1.0
952284,ColBERT,3,0.2149296749630493
975079,ColBERT,3,0.5950234416789836
1006728,ColBERT,5,0.3930068676327362
1040198,ColBERT,5,0.7817304474156229
1104300,ColBERT,5,1.0
1104447,ColBERT,5,0.8687949224876581
1107704,ColBERT,5,0.0
1107821,ColBERT,5,0.7573857224418385
1109840,ColBERT,5,0.6936099399879003
1110996,ColBERT,5,0.6893059716306069
1111577,ColBERT,5,0.5536132649087946
1113361,ColBERT,5,0.9562649741625525
1117243,ColBERT,5,0.5932959439177203
1118716,ColBERT,5,0.6597018635654607
1121909,ColBERT,5,0.7020976466720956
112700,ColBERT,5,0.4275038527696858
1128632,ColBERT,5,0.7100154110787432
1129560,ColBERT,5,0.7458326725095429
168329,ColBERT,5,0.7797200684245387
190623,ColBERT,5,0.75273768568514
2082,ColBERT,5,0.8432115724046806
226975,ColBERT,5,0.4753197068960794
23287,ColBERT,5,0.2557109115808904
237669,ColBERT,5,0.4754863377386474
253263,ColBERT,5,0.415209948681596
300025,ColBERT,5,0.5861614180929781
300986,ColBERT,5,0.7379954215781757
30611,ColBERT,5,0.18639253566046562
337656,ColBERT,5,0.33916020527361607
364210,ColBERT,5,0.7261360332967424
395948,ColBERT,5,0.4533515381924113
421946,ColBERT,5,0.6101399657877306
493490,ColBERT,5,0.8573424901769816
505390,ColBERT,5,0.6229316408292194
508292,ColBERT,5,0.5
540006,ColBERT,5,0.725203746536687
596569,ColBERT,5,0.5812069939828565
629937,ColBERT,5,0.5403547949666548
646091,ColBERT,5,0.6101399657877306
647362,ColBERT,5,0.7227265726449519
661905,ColBERT,5,0.5
681645,ColBERT,5,0.726420882169586
688007,ColBERT,5,0.36727889243339085
707882,ColBERT,5,0.9913646294746149
764738,ColBERT,5,0.5791966149917721
806694,ColBERT,5,0.7261374126646398
818583,ColBERT,5,0.7319575842750994
832573,ColBERT,5,0.1913469597705872
835760,ColBERT,5,0.7231933675456026
845121,ColBERT,5,0.5296347172140421
935353,ColBERT,5,0.3968248373134753
935964,ColBERT,5,1.0
952262,ColBERT,5,1.0
952284,ColBERT,5,0.16397609984411868
975079,ColBERT,5,0.6349409295557815
1006728,ColBERT,10,0.34951320208462644
1040198,ColBERT,10,0.5856878397049647
1104300,ColBERT,10,0.7664649797341326
1104447,ColBERT,10,0.870687400055453
1107704,ColBERT,10,0.12240689131487224
1107821,ColBERT,10,0.8058779736165044
1109840,ColBERT,10,0.7574648812374161
1110996,ColBERT,10,0.6592732853498715
1111577,ColBERT,10,0.5484414783424952
1113361,ColBERT,10,0.8809808094496983
1117243,ColBERT,10,0.6516830092709027
1118716,ColBERT,10,0.5239172483959564
1121909,ColBERT,10,0.613557911117213
112700,ColBERT,10,0.44091203889424535
1128632,ColBERT,10,0.7444136690168336
1129560,ColBERT,10,0.6898504817407601
168329,ColBERT,10,0.6058488663184204
190623,ColBERT,10,0.5594906033967508
2082,ColBERT,10,0.7351375720622294
226975,ColBERT,10,0.41437758008463865
23287,ColBERT,10,0.2603436549852316
237669,ColBERT,10,0.5671948335387923
253263,ColBERT,10,0.5350654617300585
300025,ColBERT,10,0.49809324458642845
300986,ColBERT,10,0.762998748841333
30611,ColBERT,10,0.2769705648352478
337656,ColBERT,10,0.3254620188676224
364210,ColBERT,10,0.7744166286800699
395948,ColBERT,10,0.42381977908668217
421946,ColBERT,10,0.6280478943710448
493490,ColBERT,10,0.8390528149749824
505390,ColBERT,10,0.6077002249255096
508292,ColBERT,10,0.5318103940994758
540006,ColBERT,10,0.6791395859281288
596569,ColBERT,10,0.44895789662484437
629937,ColBERT,10,0.5443962499107831
646091,ColBERT,10,0.5834453237657369
647362,ColBERT,10,0.4690000933206748
661905,ColBERT,10,0.32446578766592327
681645,ColBERT,10,0.6212702675912292
688007,ColBERT,10,0.42334498221605765
707882,ColBERT,10,0.9938203652479543
764738,ColBERT,10,0.613074791661869
806694,ColBERT,10,0.6725586116032137
818583,ColBERT,10,0.6680640499163606
832573,ColBERT,10,0.38179352943229644
835760,ColBERT,10,0.7254333688678096
845121,ColBERT,10,0.3880473614373884
935353,ColBERT,10,0.35990728072885014
935964,ColBERT,10,0.9322536887490996
952262,ColBERT,10,1.0
952284,ColBERT,10,0.21401641775780927
975079,ColBERT,10,0.49701992877220313
1006728,ColBERT,30,0.27816135118236723
1040198,ColBERT,30,0.40689650033606295
1104300,ColBERT,30,0.7872839720057254
1104447,ColBERT,30,0.7002844735303753
1107704,ColBERT,30,0.16050900506224255
1107821,ColBERT,30,0.7165073668536532
1109840,ColBERT,30,0.5257404758918389
1110996,ColBERT,30,0.5526090006335316
1111577,ColBERT,30,0.5303440483008385
1113361,ColBERT,30,0.7113757376920765
1117243,ColBERT,30,0.6641267977733775
1118716,ColBERT,30,0.4385035566908828
1121909,ColBERT,30,0.48937959344032944
112700,ColBERT,30,0.5601360612410615
1128632,ColBERT,30,0.693203558584306
1129560,ColBERT,30,0.5012383434774439
168329,ColBERT,30,0.6235968268082267
190623,ColBERT,30,0.5809729497241767
2082,ColBERT,30,0.6319505586094853
226975,ColBERT,30,0.2968184368468044
23287,ColBERT,30,0.14916535011849388
237669,ColBERT,30,0.6524485275899926
253263,ColBERT,30,0.3512268168095661
300025,ColBERT,30,0.4701879260360983
300986,ColBERT,30,0.6073218403225288
30611,ColBERT,30,0.3215332993195191
337656,ColBERT,30,0.2625753901560271
364210,ColBERT,30,0.7818735977528494
395948,ColBERT,30,0.49590153330474107
421946,ColBERT,30,0.57772375860085
493490,ColBERT,30,0.7079905548574027
505390,ColBERT,30,0.5249518515406854
508292,ColBERT,30,0.6412526548410977
540006,ColBERT,30,0.5350118880898005
596569,ColBERT,30,0.2686785509719158
629937,ColBERT,30,0.4168072966375382
646091,ColBERT,30,0.545231695766181
647362,ColBERT,30,0.26257511384551435
661905,ColBERT,30,0.16091431737676049
681645,ColBERT,30,0.5601772640618212
688007,ColBERT,30,0.6260738968075463
707882,ColBERT,30,0.9621074139382068
764738,ColBERT,30,0.7223285491021157
806694,ColBERT,30,0.5933830424482402
818583,ColBERT,30,0.4831664417170796
832573,ColBERT,30,0.4781259448537968
835760,ColBERT,30,0.7452992578103682
845121,ColBERT,30,0.24295908727965693
935353,ColBERT,30,0.3573794691941642
935964,ColBERT,30,0.6133160592046498
952262,ColBERT,30,0.7520843973655089
952284,ColBERT,30,0.26843615413048505
975079,ColBERT,30,0.34734692312546617
1006728,ColBERT,50,0.21257758154665085
1040198,ColBERT,50,0.3683999868649468
1104300,ColBERT,50,0.6743368934922683
1104447,ColBERT,50,0.6044910052298619
1107704,ColBERT,50,0.17637912155627897
1107821,ColBERT,50,0.6625253030727436
1109840,ColBERT,50,0.4130865890955643
1110996,ColBERT,50,0.48720806639821507
1111577,ColBERT,50,0.534871942149822
1113361,ColBERT,50,0.5825476944292871
1117243,ColBERT,50,0.573349786696786
1118716,ColBERT,50,0.4070438866290718
1121909,ColBERT,50,0.5209864856581922
112700,ColBERT,50,0.5159441109467351
1128632,ColBERT,50,0.5290179391281611
1129560,ColBERT,50,0.40546163863895546
168329,ColBERT,50,0.5772921933096025
190623,ColBERT,50,0.6996738132485766
2082,ColBERT,50,0.5191466995990306
226975,ColBERT,50,0.25661771660237676
23287,ColBERT,50,0.13416501570268527
237669,ColBERT,50,0.5681963328651726
253263,ColBERT,50,0.33478346068450915
300025,ColBERT,50,0.4295822757430969
300986,ColBERT,50,0.5372322759904579
30611,ColBERT,50,0.3064365453448713
337656,ColBERT,50,0.27476476244895587
364210,ColBERT,50,0.6774450245536501
395948,ColBERT,50,0.5276939845840103
421946,ColBERT,50,0.45451560931035445
493490,ColBERT,50,0.6193291108988528
505390,ColBERT,50,0.5061980214955359
508292,ColBERT,50,0.5693164996651257
540006,ColBERT,50,0.43569526192273805
596569,ColBERT,50,0.19084907214561686
629937,ColBERT,50,0.3886199535752298
646091,ColBERT,50,0.47454878212222024
647362,ColBERT,50,0.253894913353053
661905,ColBERT,50,0.11430145076787362
681645,ColBERT,50,0.5158864912420923
688007,ColBERT,50,0.5919020281477103
707882,ColBERT,50,0.9621074139382068
764738,ColBERT,50,0.6483102277320174
806694,ColBERT,50,0.5632796107346156
818583,ColBERT,50,0.4191068093878908
832573,ColBERT,50,0.4732473061055666
835760,ColBERT,50,0.7258694202076557
845121,ColBERT,50,0.23116766857732532
935353,ColBERT,50,0.3339802663029684
935964,ColBERT,50,0.5011125638543639
952262,ColBERT,50,0.6169620722113694
952284,ColBERT,50,0.23667301697903123
975079,ColBERT,50,0.3023792305284307
1006728,ColBERT,100,0.14101924906605395
1040198,ColBERT,100,0.3755175722128301
1104300,ColBERT,100,0.5139243906553332
1104447,ColBERT,100,0.42166576415700885
1107704,ColBERT,100,0.19026922341449162
1107821,ColBERT,100,0.6656738351074412
1109840,ColBERT,100,0.3057835121779243
1110996,ColBERT,100,0.36776030658302467
1111577,ColBERT,100,0.49269815610928447
1113361,ColBERT,100,0.5507368941421797
1117243,ColBERT,100,0.4121618825413958
1118716,ColBERT,100,0.3463536065068844
1121909,ColBERT,100,0.45449311164716016
112700,ColBERT,100,0.41297409561766507
1128632,ColBERT,100,0.37695549983950494
1129560,ColBERT,100,0.2611434859953159
168329,ColBERT,100,0.3945391666861075
190623,ColBERT,100,0.7134325456551617
2082,ColBERT,100,0.34464152596283604
226975,ColBERT,100,0.21778128583449327
23287,ColBERT,100,0.11797320882188922
237669,ColBERT,100,0.5252977906740629
253263,ColBERT,100,0.33478346068450915
300025,ColBERT,100,0.4187207799420106
300986,ColBERT,100,0.4205575512791385
30611,ColBERT,100,0.2793109696761118
337656,ColBERT,100,0.27476476244895587
364210,ColBERT,100,0.47036996233611994
395948,ColBERT,100,0.3950760744945979
421946,ColBERT,100,0.32665228921941214
493490,ColBERT,100,0.41548458818500444
505390,ColBERT,100,0.4548035276250886
508292,ColBERT,100,0.4094127318253144
540006,ColBERT,100,0.32670459313658473
596569,ColBERT,100,0.12107581375514112
629937,ColBERT,100,0.3104471555394953
646091,ColBERT,100,0.3736953915557929
647362,ColBERT,100,0.253894913353053
661905,ColBERT,100,0.07040702670628911
681645,ColBERT,100,0.4382572913560557
688007,ColBERT,100,0.605547665898605
707882,ColBERT,100,0.9621074139382068
764738,ColBERT,100,0.5322546314481984
806694,ColBERT,100,0.42025069924005504
818583,ColBERT,100,0.32504867065641657
832573,ColBERT,100,0.3494187769701842
835760,ColBERT,100,0.5028275191206251
845121,ColBERT,100,0.18857125399818808
935353,ColBERT,100,0.2696765210373123
935964,ColBERT,100,0.40585696260036064
952262,ColBERT,100,0.3904686406774757
952284,ColBERT,100,0.21787127114612906
975079,ColBERT,100,0.24145017890829557
2082,SBR,1,1.0
23287,SBR,1,0.0
30611,SBR,1,0.0
112700,SBR,1,0.3333333333333333
168329,SBR,1,1.0
190623,SBR,1,1.0
226975,SBR,1,1.0
237669,SBR,1,0.3333333333333333
253263,SBR,1,0.5
300025,SBR,1,0.6666666666666666
300986,SBR,1,0.6666666666666666
337656,SBR,1,1.0
364210,SBR,1,0.6666666666666666
395948,SBR,1,0.3333333333333333
421946,SBR,1,0.6666666666666666
493490,SBR,1,1.0
505390,SBR,1,0.6666666666666666
508292,SBR,1,0.5
540006,SBR,1,0.3333333333333333
596569,SBR,1,1.0
629937,SBR,1,0.3333333333333333
646091,SBR,1,0.6666666666666666
647362,SBR,1,1.0
661905,SBR,1,0.5
681645,SBR,1,0.6666666666666666
688007,SBR,1,0.3333333333333333
707882,SBR,1,1.0
764738,SBR,1,0.6666666666666666
806694,SBR,1,1.0
818583,SBR,1,0.6666666666666666
832573,SBR,1,0.0
835760,SBR,1,0.6666666666666666
845121,SBR,1,0.0
935353,SBR,1,0.3333333333333333
935964,SBR,1,1.0
952262,SBR,1,1.0
952284,SBR,1,0.0
975079,SBR,1,0.6666666666666666
1006728,SBR,1,0.5
1040198,SBR,1,0.6666666666666666
1104300,SBR,1,1.0
1104447,SBR,1,1.0
1107704,SBR,1,0.0
1107821,SBR,1,0.5
1109840,SBR,1,0.3333333333333333
1110996,SBR,1,0.6666666666666666
1111577,SBR,1,0.6666666666666666
1113361,SBR,1,1.0
1117243,SBR,1,0.3333333333333333
1118716,SBR,1,1.0
1121909,SBR,1,1.0
1128632,SBR,1,0.3333333333333333
1129560,SBR,1,1.0
2082,SBR,3,0.8435737579924145
23287,SBR,3,0.35381418265149567
30611,SBR,3,0.1973879406439102
112700,SBR,3,0.4049765583210164
168329,SBR,3,0.8230929086742522
190623,SBR,3,1.0
226975,SBR,3,0.5474918470265493
237669,SBR,3,0.46868458805331514
253263,SBR,3,0.5
300025,SBR,3,0.6089343949810363
300986,SBR,3,0.7653606369886218
337656,SBR,3,0.4692787260227565
364210,SBR,3,0.638383512579045
395948,SBR,3,0.43202730365528846
421946,SBR,3,0.6461858173485043
493490,SBR,3,0.8026120593560899
505390,SBR,3,0.6666666666666667
508292,SBR,3,0.5
540006,SBR,3,0.687147515984829
596569,SBR,3,0.7243989383522971
629937,SBR,3,0.687147515984829
646091,SBR,3,0.5884535456628739
647362,SBR,3,1.0
661905,SBR,3,0.5
681645,SBR,3,0.7149296749630493
688007,SBR,3,0.33333333333333337
707882,SBR,3,0.9217868789962073
764738,SBR,3,0.6666666666666667
806694,SBR,3,0.8026120593560899
818583,SBR,3,0.7232329748419101
832573,SBR,3,0.1973879406439102
835760,SBR,3,0.7448797876704595
845121,SBR,3,0.5307212739772436
935353,SBR,3,0.5102404246590811
935964,SBR,3,1.0
952262,SBR,3,1.0
952284,SBR,3,0.2149296749630493
975079,SBR,3,0.5950234416789836
1006728,SBR,3,0.35195904451706733
1040198,SBR,3,0.7653606369886218
1104300,SBR,3,1.0
1104447,SBR,3,1.0
1107704,SBR,3,0.0
1107821,SBR,3,0.7653606369886217
1109840,SBR,3,0.5248827916050821
1110996,SBR,3,0.7653606369886218
1111577,SBR,3,0.6666666666666667
1113361,SBR,3,1.0
1117243,SBR,3,0.5535340503161801
1118716,SBR,3,0.7243989383522971
1121909,SBR,3,0.8435737579924145
1128632,SBR,3,0.6199062332840657
1129560,SBR,3,0.8435737579924145
2082,SBR,5,0.8432115724046806
23287,SBR,5,0.29944593741833764
30611,SBR,5,0.18639253566046562
112700,SBR,5,0.4275038527696858
168329,SBR,5,0.7797200684245387
190623,SBR,5,0.7827986520850378
226975,SBR,5,0.4831569578274466
237669,SBR,5,0.4754863377386474
253263,SBR,5,0.42696582507864683
300025,SBR,5,0.5861614180929781
300986,SBR,5,0.7817304474156229
337656,SBR,5,0.33916020527361607
364210,SBR,5,0.7169271010751505
395948,SBR,5,0.4533515381924113
421946,SBR,5,0.6518646126340935
493490,SBR,5,0.8573424901769816
505390,SBR,5,0.6666666666666666
508292,SBR,5,0.5
540006,SBR,5,0.7301581706468085
596569,SBR,5,0.6646562876755822
629937,SBR,5,0.5453092190767764
646091,SBR,5,0.6101399657877306
647362,SBR,5,0.7227265726449519
661905,SBR,5,0.5
681645,SBR,5,0.726420882169586
688007,SBR,5,0.36727889243339085
707882,SBR,5,0.9859056632751826
764738,SBR,5,0.569287766771529
806694,SBR,5,0.7261374126646398
818583,SBR,5,0.7833471457646615
832573,SBR,5,0.32255203728292897
835760,SBR,5,0.7231933675456026
845121,SBR,5,0.5296347172140421
935353,SBR,5,0.4124993391762097
935964,SBR,5,1.0
952262,SBR,5,1.0
952284,SBR,5,0.3449563406345247
975079,SBR,5,0.6349409295557815
1006728,SBR,5,0.3930068676327362
1040198,SBR,5,0.7817304474156229
1104300,SBR,5,1.0
1104447,SBR,5,0.8687949224876581
1107704,SBR,5,0.13120507751234178
1107821,SBR,5,0.6917831836856677
1109840,SBR,5,0.6936099399879003
1110996,SBR,5,0.6893059716306069
1111577,SBR,5,0.7153561166142355
1113361,SBR,5,0.9562649741625525
1117243,SBR,5,0.5419063824281584
1118716,SBR,5,0.6646562876755822
1121909,SBR,5,0.7020976466720956
1128632,SBR,5,0.7100154110787432
1129560,SBR,5,0.7945221224571117
2082,SBR,10,0.7602772016244628
23287,SBR,10,0.26754652262091816
30611,SBR,10,0.2417681295742198
112700,SBR,10,0.47841928248726695
168329,SBR,10,0.6480815373754046
190623,SBR,10,0.5818341482326386
226975,SBR,10,0.467138066597123
237669,SBR,10,0.5671948335387923
253263,SBR,10,0.5539483837031424
300025,SBR,10,0.5496669733169934
300986,SBR,10,0.7905566792904009
337656,SBR,10,0.35854124239349333
364210,SBR,10,0.7679487122136542
395948,SBR,10,0.4203908303602488
421946,SBR,10,0.6570611464251618
493490,SBR,10,0.8371227987884791
505390,SBR,10,0.6135004109920286
508292,SBR,10,0.5347156109683886
540006,SBR,10,0.6665134490595166
596569,SBR,10,0.5222065037120251
629937,SBR,10,0.5394377939267156
646091,SBR,10,0.5843231355175493
647362,SBR,10,0.4690000933206748
661905,SBR,10,0.32446578766592327
681645,SBR,10,0.6168816499456377
688007,SBR,10,0.4558346331331545
707882,SBR,10,0.9899138256111097
764738,SBR,10,0.671220735004533
806694,SBR,10,0.6389913082550874
818583,SBR,10,0.6720396607518505
832573,SBR,10,0.39743955240700257
835760,SBR,10,0.7254333688678096
845121,SBR,10,0.3919141888698335
935353,SBR,10,0.4653700014225905
935964,SBR,10,0.9071731368575654
952262,SBR,10,1.0
952284,SBR,10,0.23585879707866647
975079,SBR,10,0.5305615913045862
1006728,SBR,10,0.34951320208462644
1040198,SBR,10,0.5856878397049647
1104300,SBR,10,0.8351201148123997
1104447,SBR,10,0.914856882358379
1107704,SBR,10,0.09456701548023277
1107821,SBR,10,0.799988375845374
1109840,SBR,10,0.7574648812374161
1110996,SBR,10,0.7025649559009851
1111577,SBR,10,0.650122798522682
1113361,SBR,10,0.9484752201405338
1117243,SBR,10,0.621853843211432
1118716,SBR,10,0.6180223825350926
1121909,SBR,10,0.6412602631171358
1128632,SBR,10,0.7420413028872762
1129560,SBR,10,0.6689605161110664
2082,SBR,30,0.6446984890394488
23287,SBR,30,0.17360835883430198
30611,SBR,30,0.3467425872029608
112700,SBR,30,0.518787983426482
168329,SBR,30,0.6621635614361278
190623,SBR,30,0.6231411846515797
226975,SBR,30,0.3029122051729636
237669,SBR,30,0.6204247791227081
253263,SBR,30,0.3657406913421073
300025,SBR,30,0.4762196147401477
300986,SBR,30,0.6354450952388908
337656,SBR,30,0.2866492630951398
364210,SBR,30,0.7783090146926442
395948,SBR,30,0.5051392536826477
421946,SBR,30,0.5877577976222125
493490,SBR,30,0.705043872168467
505390,SBR,30,0.5370596100636668
508292,SBR,30,0.6279484426781808
540006,SBR,30,0.5477702589196101
596569,SBR,30,0.28585702851532435
629937,SBR,30,0.407304138445398
646091,SBR,30,0.585773185977294
647362,SBR,30,0.2921548924144528
661905,SBR,30,0.16091431737676049
681645,SBR,30,0.5499113842710974
688007,SBR,30,0.6060114289167096
707882,SBR,30,0.9516179442971995
764738,SBR,30,0.7413861408021882
806694,SBR,30,0.618775433119513
818583,SBR,30,0.48455046984482475
832573,SBR,30,0.5426976325622341
835760,SBR,30,0.751508354140573
845121,SBR,30,0.25323400922385986
935353,SBR,30,0.3625401654347113
935964,SBR,30,0.6108495097106862
952262,SBR,30,0.7757179058725558
952284,SBR,30,0.25325377046146164
975079,SBR,30,0.3826597064617452
1006728,SBR,30,0.2755782305462315
1040198,SBR,30,0.422162359794708
1104300,SBR,30,0.8258265756697467
1104447,SBR,30,0.7454785659472896
1107704,SBR,30,0.1462608028106127
1107821,SBR,30,0.7443389235278137
1109840,SBR,30,0.5291661677056093
1110996,SBR,30,0.5910534963220359
1111577,SBR,30,0.5847882526002501
1113361,SBR,30,0.6975737916279391
1117243,SBR,30,0.6850448112844332
1118716,SBR,30,0.46439265593553664
1121909,SBR,30,0.5445803219052209
1128632,SBR,30,0.6778374564187705
1129560,SBR,30,0.5397651201853575
2082,SBR,50,0.5489353278400436
23287,SBR,50,0.13948470908947241
30611,SBR,50,0.32478150310172027
112700,SBR,50,0.51544250686915
168329,SBR,50,0.6069143221601564
190623,SBR,50,0.6231411846515797
226975,SBR,50,0.25492097687729864
237669,SBR,50,0.5646191340544571
253263,SBR,50,0.3486178403827411
300025,SBR,50,0.44202746949002025
300986,SBR,50,0.5451178329161533
337656,SBR,50,0.2866492630951398
364210,SBR,50,0.6685968133907598
395948,SBR,50,0.5552195783725471
421946,SBR,50,0.46955826383568977
493490,SBR,50,0.6132679620640141
505390,SBR,50,0.5025849709405498
508292,SBR,50,0.5693659023918372
540006,SBR,50,0.45159657642142415
596569,SBR,50,0.2079075707860196
629937,SBR,50,0.3796545988544803
646091,SBR,50,0.4919561643483868
647362,SBR,50,0.2603190151386085
661905,SBR,50,0.11430145076787362
681645,SBR,50,0.5686875704432138
688007,SBR,50,0.6139440355808474
707882,SBR,50,0.9623357276952438
764738,SBR,50,0.7080847083818813
806694,SBR,50,0.5662640126745409
818583,SBR,50,0.4201759923968325
832573,SBR,50,0.5020299681112306
835760,SBR,50,0.7288147025726756
845121,SBR,50,0.22792113350204066
935353,SBR,50,0.3465529236300792
935964,SBR,50,0.49915639941452344
952262,SBR,50,0.6136914044345309
952284,SBR,50,0.22422347917129185
975079,SBR,50,0.3143783699673507
1006728,SBR,50,0.21060349875139947
1040198,SBR,50,0.3822215420255394
1104300,SBR,50,0.6940270882810083
1104447,SBR,50,0.6179871448598545
1107704,SBR,50,0.17841996221713177
1107821,SBR,50,0.6958596183741476
1109840,SBR,50,0.4247456287732126
1110996,SBR,50,0.47135697718632674
1111577,SBR,50,0.5747262286715707
1113361,SBR,50,0.5980596377474307
1117243,SBR,50,0.594266809454076
1118716,SBR,50,0.4211117816351292
1121909,SBR,50,0.5437777694995912
1128632,SBR,50,0.5308804051180245
1129560,SBR,50,0.4141340408261335
2082,SBR,100,0.3462060116983003
23287,SBR,100,0.12265089096951112
30611,SBR,100,0.28427655427644816
112700,SBR,100,0.41189063561949274
168329,SBR,100,0.3991156420964908
190623,SBR,100,0.7275507539987788
226975,SBR,100,0.22174140936156927
237669,SBR,100,0.5222006661157941
253263,SBR,100,0.3486178403827411
300025,SBR,100,0.42384640423411324
300986,SBR,100,0.42701149958504664
337656,SBR,100,0.2866492630951398
364210,SBR,100,0.46786284315098187
395948,SBR,100,0.3984965509533635
421946,SBR,100,0.33701931665737384
493490,SBR,100,0.4172143889170857
505390,SBR,100,0.45586097733045877
508292,SBR,100,0.40987457366720986
540006,SBR,100,0.3301244990300139
596569,SBR,100,0.13189782918915832
629937,SBR,100,0.30780978006938764
646091,SBR,100,0.3783706691219469
647362,SBR,100,0.2603190151386085
661905,SBR,100,0.07040702670628911
681645,SBR,100,0.4429235336638985
688007,SBR,100,0.6096846833618562
707882,SBR,100,0.9623357276952438
764738,SBR,100,0.5435141927496163
806694,SBR,100,0.4168206090065909
818583,SBR,100,0.32587790203123607
832573,SBR,100,0.361849746437813
835760,SBR,100,0.5048677883253657
845121,SBR,100,0.1902481303018071
935353,SBR,100,0.2798284696111056
935964,SBR,100,0.40406433966828176
952262,SBR,100,0.3941497421721444
952284,SBR,100,0.22295687273316475
975079,SBR,100,0.25103150616813996
1006728,SBR,100,0.13970968635791167
1040198,SBR,100,0.3822215420255394
1104300,SBR,100,0.5207214037221716
1104447,SBR,100,0.4250840284402078
1107704,SBR,100,0.19225421373905746
1107821,SBR,100,0.6728831344656796
1109840,SBR,100,0.3099189016655914
1110996,SBR,100,0.37239261918207744
1111577,SBR,100,0.5135258563194696
1113361,SBR,100,0.556904723343094
1117243,SBR,100,0.41369948705117326
1118716,SBR,100,0.3526720801162566
1121909,SBR,100,0.45897647481572074
1128632,SBR,100,0.3782826132438255
1129560,SBR,100,0.26672907319590855
2082,IPSsimRF,1,1.0
23287,IPSsimRF,1,0.0
30611,IPSsimRF,1,0.0
112700,IPSsimRF,1,0.3333333333333333
168329,IPSsimRF,1,1.0
190623,IPSsimRF,1,1.0
226975,IPSsimRF,1,1.0
237669,IPSsimRF,1,0.3333333333333333
253263,IPSsimRF,1,0.5
300025,IPSsimRF,1,0.6666666666666666
300986,IPSsimRF,1,0.6666666666666666
337656,IPSsimRF,1,1.0
364210,IPSsimRF,1,0.6666666666666666
395948,IPSsimRF,1,0.3333333333333333
421946,IPSsimRF,1,0.6666666666666666
493490,IPSsimRF,1,1.0
505390,IPSsimRF,1,0.6666666666666666
508292,IPSsimRF,1,0.5
540006,IPSsimRF,1,1.0
596569,IPSsimRF,1,1.0
629937,IPSsimRF,1,1.0
646091,IPSsimRF,1,0.6666666666666666
647362,IPSsimRF,1,1.0
661905,IPSsimRF,1,0.5
681645,IPSsimRF,1,0.6666666666666666
688007,IPSsimRF,1,0.3333333333333333
707882,IPSsimRF,1,1.0
764738,IPSsimRF,1,0.6666666666666666
806694,IPSsimRF,1,1.0
818583,IPSsimRF,1,0.6666666666666666
832573,IPSsimRF,1,0.0
835760,IPSsimRF,1,0.6666666666666666
845121,IPSsimRF,1,1.0
935353,IPSsimRF,1,0.6666666666666666
935964,IPSsimRF,1,1.0
952262,IPSsimRF,1,1.0
952284,IPSsimRF,1,0.0
975079,IPSsimRF,1,0.6666666666666666
1006728,IPSsimRF,1,0.5
1040198,IPSsimRF,1,0.6666666666666666
1104300,IPSsimRF,1,1.0
1104447,IPSsimRF,1,1.0
1107704,IPSsimRF,1,0.0
1107821,IPSsimRF,1,0.5
1109840,IPSsimRF,1,0.3333333333333333
1110996,IPSsimRF,1,0.6666666666666666
1111577,IPSsimRF,1,0.6666666666666666
1113361,IPSsimRF,1,1.0
1117243,IPSsimRF,1,0.3333333333333333
1118716,IPSsimRF,1,1.0
1121909,IPSsimRF,1,1.0
1128632,IPSsimRF,1,0.6666666666666666
1129560,IPSsimRF,1,1.0
2082,IPSsimRF,3,0.8435737579924145
23287,IPSsimRF,3,0.35381418265149567
30611,IPSsimRF,3,0.1973879406439102
112700,IPSsimRF,3,0.4049765583210164
168329,IPSsimRF,3,0.8230929086742522
190623,IPSsimRF,3,1.0
226975,IPSsimRF,3,0.625704968030342
237669,IPSsimRF,3,0.46868458805331514
253263,IPSsimRF,3,0.617319681505689
300025,IPSsimRF,3,0.8435737579924145
300986,IPSsimRF,3,0.8435737579924145
337656,IPSsimRF,3,0.5474918470265493
364210,IPSsimRF,3,0.7232329748419101
395948,IPSsimRF,3,0.35381418265149567
421946,IPSsimRF,3,0.6666666666666667
493490,IPSsimRF,3,0.8026120593560899
505390,IPSsimRF,3,0.6666666666666667
508292,IPSsimRF,3,0.5
540006,IPSsimRF,3,0.8435737579924145
596569,IPSsimRF,3,0.8230929086742522
629937,IPSsimRF,3,0.8435737579924145
646091,IPSsimRF,3,0.5884535456628739
647362,IPSsimRF,3,1.0
661905,IPSsimRF,3,0.5
681645,IPSsimRF,3,0.7149296749630493
688007,IPSsimRF,3,0.33333333333333337
707882,IPSsimRF,3,0.9217868789962073
764738,IPSsimRF,3,0.6666666666666667
806694,IPSsimRF,3,1.0
818583,IPSsimRF,3,0.7232329748419101
832573,IPSsimRF,3,0.2551202123295406
835760,IPSsimRF,3,0.7448797876704595
845121,IPSsimRF,3,0.7039180890341348
935353,IPSsimRF,3,0.5884535456628739
935964,IPSsimRF,3,1.0
952262,IPSsimRF,3,1.0
952284,IPSsimRF,3,0.2149296749630493
975079,IPSsimRF,3,0.6900468833579672
1006728,IPSsimRF,3,0.35195904451706733
1040198,IPSsimRF,3,0.8435737579924145
1104300,IPSsimRF,3,1.0
1104447,IPSsimRF,3,1.0
1107704,IPSsimRF,3,0.23463936301137822
1107821,IPSsimRF,3,0.7653606369886217
1109840,IPSsimRF,3,0.6199062332840657
1110996,IPSsimRF,3,0.7653606369886218
1111577,IPSsimRF,3,0.7653606369886218
1113361,IPSsimRF,3,1.0
1117243,IPSsimRF,3,0.46868458805331514
1118716,IPSsimRF,3,0.7243989383522971
1121909,IPSsimRF,3,0.8435737579924145
1128632,IPSsimRF,3,0.8099531166420328
1129560,IPSsimRF,3,0.9217868789962073
2082,IPSsimRF,5,0.7557415207297861
23287,IPSsimRF,5,0.29944593741833764
30611,IPSsimRF,5,0.14265750982301836
112700,IPSsimRF,5,0.4275038527696858
168329,IPSsimRF,5,0.7797200684245387
190623,IPSsimRF,5,0.8855777750641619
226975,IPSsimRF,5,0.5009030569790569
237669,IPSsimRF,5,0.4754863377386474
253263,IPSsimRF,5,0.650392590074575
300025,IPSsimRF,5,0.6534081967245269
300986,IPSsimRF,5,0.7945221224571117
337656,IPSsimRF,5,0.48811138193756815
364210,IPSsimRF,5,0.7261360332967424
395948,IPSsimRF,5,0.44055986315092255
421946,IPSsimRF,5,0.6666666666666666
493490,IPSsimRF,5,0.8573424901769816
505390,IPSsimRF,5,0.6666666666666666
508292,IPSsimRF,5,0.5
540006,IPSsimRF,5,0.8432115724046806
596569,IPSsimRF,5,0.6872955926395226
629937,IPSsimRF,5,0.7408782483994214
646091,IPSsimRF,5,0.6101399657877306
647362,IPSsimRF,5,0.8539316501572937
661905,IPSsimRF,5,0.5
681645,IPSsimRF,5,0.7200667759835901
688007,IPSsimRF,5,0.36727889243339085
707882,IPSsimRF,5,0.9377168077248125
764738,IPSsimRF,5,0.6666666666666666
806694,IPSsimRF,5,0.8638404983775365
818583,IPSsimRF,5,0.7833471457646615
832573,IPSsimRF,5,0.3642766841292918
835760,IPSsimRF,5,0.7231933675456026
845121,IPSsimRF,5,0.6985436835905778
935353,IPSsimRF,5,0.46902604005514575
935964,IPSsimRF,5,1.0
952262,IPSsimRF,5,1.0
952284,IPSsimRF,5,0.28886566449505335
975079,IPSsimRF,5,0.6449922944606284
1006728,IPSsimRF,5,0.3930068676327362
1040198,IPSsimRF,5,0.838257148294559
1104300,IPSsimRF,5,1.0
1104447,IPSsimRF,5,1.0
1107704,IPSsimRF,5,0.16958010263680806
1107821,IPSsimRF,5,0.7573857224418385
1109840,IPSsimRF,5,0.7100154110787432
1110996,IPSsimRF,5,0.7379954215781757
1111577,IPSsimRF,5,0.7379954215781757
1113361,IPSsimRF,5,0.9562649741625525
1117243,IPSsimRF,5,0.5840870116961285
1118716,IPSsimRF,5,0.6646562876755822
1121909,IPSsimRF,5,0.7020976466720956
1128632,IPSsimRF,5,0.7925629232139043
1129560,IPSsimRF,5,0.7148893217135844
2082,IPSsimRF,10,0.7932754627813308
23287,IPSsimRF,10,0.27123829968251373
30611,IPSsimRF,10,0.304025241696774
112700,IPSsimRF,10,0.40769480351303816
168329,IPSsimRF,10,0.7389715892718972
190623,IPSsimRF,10,0.6893751711713316
226975,IPSsimRF,10,0.4775930267486603
237669,IPSsimRF,10,0.5671948335387923
253263,IPSsimRF,10,0.5594646005341529
300025,IPSsimRF,10,0.5573211211309822
300986,IPSsimRF,10,0.7414665384713748
337656,IPSsimRF,10,0.44589337913015464
364210,IPSsimRF,10,0.7806810490388899
395948,IPSsimRF,10,0.43331216411732515
421946,IPSsimRF,10,0.6454597372670161
493490,IPSsimRF,10,0.8632555551147043
505390,IPSsimRF,10,0.6635802519968783
508292,IPSsimRF,10,0.4668728882728055
540006,IPSsimRF,10,0.6849832633385994
596569,IPSsimRF,10,0.5418236904732677
629937,IPSsimRF,10,0.6239348534118786
646091,IPSsimRF,10,0.5847562238199312
647362,IPSsimRF,10,0.5541432109622958
661905,IPSsimRF,10,0.32446578766592327
681645,IPSsimRF,10,0.744280319187228
688007,IPSsimRF,10,0.4275102720403467
707882,IPSsimRF,10,0.9851429892008047
764738,IPSsimRF,10,0.6911213073664532
806694,IPSsimRF,10,0.7924110966144268
818583,IPSsimRF,10,0.6990095730649525
832573,IPSsimRF,10,0.39739690518439946
835760,IPSsimRF,10,0.7278032684161333
845121,IPSsimRF,10,0.4745139824301952
935353,IPSsimRF,10,0.4656482171341339
935964,IPSsimRF,10,0.8600921467511933
952262,IPSsimRF,10,1.0
952284,IPSsimRF,10,0.3611100847830882
975079,IPSsimRF,10,0.5660908915685874
1006728,IPSsimRF,10,0.30933310944430237
1040198,IPSsimRF,10,0.665668266365197
1104300,IPSsimRF,10,0.8792963921747642
1104447,IPSsimRF,10,0.9363792118010483
1107704,IPSsimRF,10,0.1629681258810125
1107821,IPSsimRF,10,0.7393519685486399
1109840,IPSsimRF,10,0.7058981585673588
1110996,IPSsimRF,10,0.6643035621777814
1111577,IPSsimRF,10,0.6445887205746421
1113361,IPSsimRF,10,0.9716189607861262
1117243,IPSsimRF,10,0.6797962080755329
1118716,IPSsimRF,10,0.6197004981615309
1121909,IPSsimRF,10,0.6446891621595888
1128632,IPSsimRF,10,0.8008543098185731
1129560,IPSsimRF,10,0.6659169266741859
2082,IPSsimRF,30,0.6488300856142796
23287,IPSsimRF,30,0.1776038756583235
30611,IPSsimRF,30,0.3172513595338329
112700,IPSsimRF,30,0.4680386852205871
168329,IPSsimRF,30,0.6862751413072622
190623,IPSsimRF,30,0.7471678240974904
226975,IPSsimRF,30,0.30898805316803846
237669,IPSsimRF,30,0.5969578205291095
253263,IPSsimRF,30,0.3852805503133874
300025,IPSsimRF,30,0.46821479938623545
300986,IPSsimRF,30,0.637646336169132
337656,IPSsimRF,30,0.31513772137665763
364210,IPSsimRF,30,0.764278341042157
395948,IPSsimRF,30,0.5655074590264673
421946,IPSsimRF,30,0.5481777119188668
493490,IPSsimRF,30,0.716268792465727
505390,IPSsimRF,30,0.5881714135533503
508292,IPSsimRF,30,0.5404845399766127
540006,IPSsimRF,30,0.5408443442679981
596569,IPSsimRF,30,0.293589930677212
629937,IPSsimRF,30,0.43353554588490706
646091,IPSsimRF,30,0.5792443253471992
647362,IPSsimRF,30,0.30348730618478525
661905,IPSsimRF,30,0.16091431737676049
681645,IPSsimRF,30,0.6167062312990188
688007,IPSsimRF,30,0.5417848768524843
707882,IPSsimRF,30,0.9493219323267605
764738,IPSsimRF,30,0.784943960333687
806694,IPSsimRF,30,0.6595293638575589
818583,IPSsimRF,30,0.4752451344466046
832573,IPSsimRF,30,0.5349368015088968
835760,IPSsimRF,30,0.752884091701739
845121,IPSsimRF,30,0.29555419773595876
935353,IPSsimRF,30,0.3800241299173464
935964,IPSsimRF,30,0.5863955491047759
952262,IPSsimRF,30,0.7790102603538915
952284,IPSsimRF,30,0.26816725748546555
975079,IPSsimRF,30,0.3906534011020774
1006728,IPSsimRF,30,0.26606325189891256
1040198,IPSsimRF,30,0.4341207471365832
1104300,IPSsimRF,30,0.8014614245662802
1104447,IPSsimRF,30,0.7597553366694714
1107704,IPSsimRF,30,0.15383262331173755
1107821,IPSsimRF,30,0.7529106430157045
1109840,IPSsimRF,30,0.5406093487948981
1110996,IPSsimRF,30,0.5750644811680702
1111577,IPSsimRF,30,0.6339624798534785
1113361,IPSsimRF,30,0.681975869055857
1117243,IPSsimRF,30,0.6869417352046621
1118716,IPSsimRF,30,0.45942831985186144
1121909,IPSsimRF,30,0.5782150565746126
1128632,IPSsimRF,30,0.6281049400987386
1129560,IPSsimRF,30,0.5469268348098897
2082,IPSsimRF,50,0.5539953670813311
23287,IPSsimRF,50,0.14269488575148817
30611,IPSsimRF,50,0.3138487562056564
112700,IPSsimRF,50,0.488229010364541
168329,IPSsimRF,50,0.6072327250114664
190623,IPSsimRF,50,0.7471678240974904
226975,IPSsimRF,50,0.2600342112726511
237669,IPSsimRF,50,0.5444658370056779
253263,IPSsimRF,50,0.3672429034320676
300025,IPSsimRF,50,0.4504117670917521
300986,IPSsimRF,50,0.5527311374373804
337656,IPSsimRF,50,0.31513772137665763
364210,IPSsimRF,50,0.6586793452111256
395948,IPSsimRF,50,0.5672315562372572
421946,IPSsimRF,50,0.4633704828528516
493490,IPSsimRF,50,0.6012203864317917
505390,IPSsimRF,50,0.50450218202829
508292,IPSsimRF,50,0.5552932996842944
540006,IPSsimRF,50,0.4465463347513576
596569,IPSsimRF,50,0.20854424611996172
629937,IPSsimRF,50,0.414246309998628
646091,IPSsimRF,50,0.4930380428511649
647362,IPSsimRF,50,0.27041654514214924
661905,IPSsimRF,50,0.11430145076787362
681645,IPSsimRF,50,0.5704564231168994
688007,IPSsimRF,50,0.5747006574529763
707882,IPSsimRF,50,0.9600397157248048
764738,IPSsimRF,50,0.7158349443768776
806694,IPSsimRF,50,0.6092844754745138
818583,IPSsimRF,50,0.4205849941182923
832573,IPSsimRF,50,0.49580358692630777
835760,IPSsimRF,50,0.7290402775448387
845121,IPSsimRF,50,0.2571559909250485
935353,IPSsimRF,50,0.36840219948150005
935964,IPSsimRF,50,0.47954657482833773
952262,IPSsimRF,50,0.596625841501388
952284,IPSsimRF,50,0.24620093745704197
975079,IPSsimRF,50,0.32094567937727314
1006728,IPSsimRF,50,0.20333192367198094
1040198,IPSsimRF,50,0.39304854529549677
1104300,IPSsimRF,50,0.684088030666924
1104447,IPSsimRF,50,0.6215220929298
1107704,IPSsimRF,50,0.21479304117357007
1107821,IPSsimRF,50,0.6932956292526692
1109840,IPSsimRF,50,0.4252864271120613
1110996,IPSsimRF,50,0.4785382128266293
1111577,IPSsimRF,50,0.5651120632287269
1113361,IPSsimRF,50,0.5859656655357904
1117243,IPSsimRF,50,0.5955971962670712
1118716,IPSsimRF,50,0.4182391621572718
1121909,IPSsimRF,50,0.5604456186564566
1128632,IPSsimRF,50,0.5296123044058875
1129560,IPSsimRF,50,0.4132998334205329
2082,IPSsimRF,100,0.34935703350212366
23287,IPSsimRF,100,0.1254736450214496
30611,IPSsimRF,100,0.28602218728822265
112700,IPSsimRF,100,0.39951395413692836
168329,IPSsimRF,100,0.40670706858603556
190623,IPSsimRF,100,0.7915260436016132
226975,IPSsimRF,100,0.22602306411177583
237669,IPSsimRF,100,0.5128224098036155
253263,IPSsimRF,100,0.3672429034320676
300025,IPSsimRF,100,0.43188584665750535
300986,IPSsimRF,100,0.4280108586999325
337656,IPSsimRF,100,0.31513772137665763
364210,IPSsimRF,100,0.4696130276186571
395948,IPSsimRF,100,0.40196844120432607
421946,IPSsimRF,100,0.33288577662301844
493490,IPSsimRF,100,0.41745621709784997
505390,IPSsimRF,100,0.46572476969481336
508292,IPSsimRF,100,0.39996062751904604
540006,IPSsimRF,100,0.34227783292447195
596569,IPSsimRF,100,0.13508888911369696
629937,IPSsimRF,100,0.3354826430545628
646091,IPSsimRF,100,0.37919664548929655
647362,IPSsimRF,100,0.27041654514214924
661905,IPSsimRF,100,0.07040702670628911
681645,IPSsimRF,100,0.45737645727328585
688007,IPSsimRF,100,0.5979073638469807
707882,IPSsimRF,100,0.9600397157248048
764738,IPSsimRF,100,0.5535707110844119
806694,IPSsimRF,100,0.44848749071312166
818583,IPSsimRF,100,0.3261951134505658
832573,IPSsimRF,100,0.3614865609624474
835760,IPSsimRF,100,0.5050240496314228
845121,IPSsimRF,100,0.217853952142506
935353,IPSsimRF,100,0.2974709392217221
935964,IPSsimRF,100,0.39635707239970874
952262,IPSsimRF,100,0.3919275988960783
952284,IPSsimRF,100,0.23289912935430446
975079,IPSsimRF,100,0.25627551062307824
1006728,IPSsimRF,100,0.13488588485557879
1040198,IPSsimRF,100,0.39304854529549677
1104300,IPSsimRF,100,0.5191281453374696
1104447,IPSsimRF,100,0.42776158967554656
1107704,IPSsimRF,100,0.21479304117357007
1107821,IPSsimRF,100,0.6709369704384376
1109840,IPSsimRF,100,0.3103134993161491
1110996,IPSsimRF,100,0.3706997100141986
1111577,IPSsimRF,100,0.5247994137023348
1113361,IPSsimRF,100,0.5544639348313781
1117243,IPSsimRF,100,0.4138338211643706
1118716,IPSsimRF,100,0.3540863711276378
1121909,IPSsimRF,100,0.4675960036670491
1128632,IPSsimRF,100,0.3818995129077995
1129560,IPSsimRF,100,0.2661917897412445
