qid,n_sbr,n_random_pool,sbr_qrel_mean,rand_qrel_mean,sbr_colbert_pct_mean,rand_colbert_pct_mean,sbr_simcse_to_top4_mean,rand_simcse_to_top4_mean
2082,4,81,2.0,0.8765432098765432,92.17171717171718,40.404040404040394,0.8759478628635406,0.8169583667207647
23287,4,81,0.75,0.06172839506172839,86.6161616161616,40.404040404040394,0.8393842875957489,0.7686387914934276
30611,4,81,0.75,0.43209876543209874,92.67676767676767,40.404040404040394,0.8053756058216095,0.7708965019311433
112700,4,81,0.5,0.4444444444444444,80.55555555555556,40.404040404040394,0.8720429986715317,0.7978375736210082
168329,4,81,1.75,1.0,89.64646464646464,40.404040404040394,0.8658697754144669,0.8352402993190435
190623,4,81,0.5,0.1728395061728395,86.61616161616163,40.404040404040394,0.6859325282275677,0.595129893425806
226975,4,81,1.25,0.037037037037037035,94.1919191919192,40.404040404040394,0.7937835305929184,0.6505049824898625
237669,4,81,1.0,0.24691358024691357,84.5959595959596,40.404040404040394,0.8800313770771027,0.7541754045236257
253263,4,81,1.5,0.037037037037037035,83.83838383838383,40.404040404040394,0.8368743248283863,0.7929222843161335
300025,4,81,0.5,0.12345679012345678,88.88888888888889,40.404040404040394,0.7113346643745899,0.6824082088323287
300986,4,81,1.75,0.30864197530864196,88.63636363636363,40.404040404040394,0.8702943809330463,0.6908528469962838
337656,4,81,1.0,0.012345679012345678,88.63636363636363,40.404040404040394,0.7029359340667725,0.597863454049752
364210,4,81,2.0,0.7530864197530864,84.5959595959596,40.404040404040394,0.8803661093115807,0.7764904278296011
395948,4,81,1.0,0.7901234567901234,86.11111111111111,40.404040404040394,0.7917296178638935,0.703399442780165
421946,4,81,2.0,0.345679012345679,86.36363636363636,40.404040404040394,0.6997092738747597,0.6452521015832453
493490,4,81,3.0,0.8888888888888888,88.3838383838384,40.404040404040394,0.8328501060605049,0.7566020225669131
505390,4,81,2.25,0.6419753086419753,81.56565656565655,40.404040404040394,0.8873207233846188,0.7546633301693716
508292,4,81,1.0,0.4074074074074074,79.54545454545453,40.404040404040394,0.9095947258174419,0.8353955574609615
540006,4,81,1.25,0.18518518518518517,87.62626262626262,40.404040404040394,0.8019717248777548,0.7103575826795013
596569,4,81,1.0,0.0,92.42424242424241,40.404040404040394,0.8202362135052681,0.6695204300828922
629937,4,81,1.5,0.2222222222222222,90.65656565656565,40.404040404040394,0.8081896714866161,0.7304699729990076
646091,4,81,1.75,0.5925925925925926,88.88888888888889,40.404040404040394,0.8959869034588337,0.7659204146008433
647362,4,81,0.5,0.037037037037037035,79.79797979797979,40.404040404040394,0.7757431492209435,0.6255063304194698
661905,4,81,0.25,0.0,86.11111111111113,40.404040404040394,0.8445018976926804,0.7570108546886916
681645,4,81,1.25,0.3333333333333333,89.64646464646464,40.404040404040394,0.8157168626785278,0.7675732381549882
688007,4,81,1.0,0.4074074074074074,88.13131313131314,40.404040404040394,0.8143691495060921,0.7128998790810137
707882,4,81,2.25,0.08641975308641975,94.1919191919192,40.404040404040394,0.8001861125230789,0.640384709853449
764738,4,81,2.25,0.9382716049382716,90.9090909090909,40.404040404040394,0.8455102033913136,0.777414643102222
806694,4,81,1.25,0.2716049382716049,82.07070707070707,40.404040404040394,0.8319205977022648,0.7268291956480638
818583,4,81,1.25,0.08641975308641975,93.18181818181819,40.404040404040394,0.8953025862574577,0.7401833697969531
832573,4,81,2.0,0.7901234567901234,89.3939393939394,40.404040404040394,0.813849076628685,0.7882326550689744
835760,4,81,2.25,0.9382716049382716,93.93939393939394,40.404040404040394,0.9104617945849895,0.7389891908308606
845121,4,81,0.25,0.1111111111111111,92.67676767676767,40.404040404040394,0.888335358351469,0.8030860238237145
935353,4,81,1.25,0.1728395061728395,87.87878787878788,40.404040404040394,0.8649025410413742,0.7382392278056086
935964,4,81,2.25,0.25925925925925924,89.14141414141415,40.404040404040394,0.8690097257494926,0.7660002767303844
952262,4,81,3.0,0.6172839506172839,86.61616161616162,40.404040404040394,0.8942701071500778,0.8264922286257331
952284,4,81,1.0,0.08641975308641975,89.3939393939394,40.404040404040394,0.793428223580122,0.7336376577983668
975079,4,81,0.75,0.04938271604938271,89.3939393939394,40.404040404040394,0.8481473624706268,0.7184506407306518
1006728,4,81,0.25,0.024691358024691357,91.41414141414141,40.404040404040394,0.8291531428694725,0.8107744010142338
1040198,4,81,2.25,0.07407407407407407,90.65656565656565,40.404040404040394,0.8098791725933552,0.6284338016936808
1104300,4,81,2.0,1.2345679012345678,87.37373737373736,40.404040404040394,0.8696495890617371,0.8160062599697231
1104447,4,81,3.0,0.8024691358024691,87.62626262626262,40.404040404040394,0.8655589558184147,0.8274057343786145
1107704,4,81,0.75,0.07407407407407407,88.63636363636364,40.404040404040394,0.8223351091146469,0.7549274808462755
1107821,4,81,1.5,0.24691358024691357,91.16161616161617,40.404040404040394,0.8510736711323261,0.6937468303942386
1109840,4,81,1.75,0.20987654320987653,92.17171717171716,40.404040404040394,0.8196328654885292,0.7258819115382654
1110996,4,81,2.0,0.8271604938271605,85.85858585858585,40.404040404040394,0.8705317564308643,0.8173754851759216
1111577,4,81,2.0,0.691358024691358,80.8080808080808,40.404040404040394,0.8082344271242619,0.7240131593044893
1113361,4,81,2.75,0.4567901234567901,87.87878787878788,40.404040404040394,0.9033599384129047,0.7564878027748179
1117243,4,81,2.0,0.5802469135802469,85.1010101010101,40.404040404040394,0.8155995458364487,0.754943272397842
1118716,4,81,1.5,0.4567901234567901,91.66666666666667,40.404040404040394,0.8292649462819099,0.7565221742347434
1121909,4,81,1.75,0.4074074074074074,94.1919191919192,40.404040404040394,0.8513467684388161,0.7694966055360841
1128632,4,81,2.0,0.38271604938271603,87.87878787878788,40.404040404040394,0.77353385835886,0.7598599607561841
1129560,4,81,1.0,0.14814814814814814,91.16161616161617,40.404040404040394,0.8251716084778309,0.6881757023525826
