variant,alpha,ndcg10,ndcg1,ndcg3,ndcg5,ndcg30,ndcg50,ndcg100
V1_PASSAGE_SELECTION,0.0,0.581789193606207,0.6069182389937108,0.6315001535196871,0.6127231080628212,0.5157182401688561,0.46337441293608456,0.37935116511385936
V1_PASSAGE_SELECTION,0.1,0.582924713653126,0.6069182389937108,0.6315001535196871,0.6138107385357608,0.518619013013305,0.4646912335766033,0.3799628987020518
V1_PASSAGE_SELECTION,0.2,0.5814892117018539,0.6069182389937108,0.6300244342554646,0.6161384333769113,0.5209718222063249,0.46585932023379145,0.3804545531216615
V1_PASSAGE_SELECTION,0.3,0.5843967604913933,0.6069182389937108,0.6300244342554646,0.6149006496267948,0.5240865161122434,0.467664585769706,0.3810206256683984
V1_PASSAGE_SELECTION,0.4,0.5866759050325462,0.6069182389937108,0.6300244342554646,0.6153680481277497,0.525891970762838,0.46889906687186755,0.38162875963856246
V1_PASSAGE_SELECTION,0.5,0.5874694914663228,0.6069182389937108,0.6300244342554646,0.616286716994685,0.5270535701498077,0.4698020179324128,0.3821408258274536
V1_PASSAGE_SELECTION,0.6,0.5892268625717693,0.6069182389937108,0.6284235010052219,0.6170316324234768,0.528246312878989,0.4710328138466512,0.38260397830357223
V1_PASSAGE_SELECTION,0.7,0.5896610761033653,0.6069182389937108,0.631374939533667,0.6175143371420236,0.5293746589785512,0.47197738090685615,0.3830294035875452
V1_PASSAGE_SELECTION,0.8,0.5907847050153351,0.6069182389937108,0.631374939533667,0.6176078168422146,0.5314041134568054,0.472898258145842,0.3833535851746462
V1_PASSAGE_SELECTION,0.9,0.5912544878666088,0.6069182389937108,0.6350642376942233,0.6214226803578811,0.5328596399760654,0.4735313502143602,0.3836956729096385
V1_PASSAGE_SELECTION,1.0,0.5930716303604325,0.6194968553459121,0.6416699717769145,0.6253108728129461,0.5337145969900517,0.47491004060583086,0.3844363303304999
V1_PASSAGE_SELECTION,1.1,0.5933287573132354,0.6257861635220127,0.6457106984503713,0.6278111284748699,0.5351520513857259,0.47589972415592907,0.3848960966136985
V1_PASSAGE_SELECTION,1.2,0.5964285058593513,0.6257861635220127,0.6489793128406125,0.6295430145274176,0.5359207040971391,0.4765872820205762,0.3852387423204127
V1_PASSAGE_SELECTION,1.3,0.5966795272403097,0.6257861635220127,0.6489793128406125,0.6294495348272265,0.5351246552146137,0.47712552141547987,0.38546677054209005
V1_PASSAGE_SELECTION,1.4,0.5963946319751083,0.6257861635220127,0.6489793128406125,0.630270518343274,0.5350236812134884,0.47663893303140437,0.3856533480532622
V1_PASSAGE_SELECTION,1.5,0.5979922952727106,0.6257861635220127,0.6497521750790337,0.6308290864199749,0.5358778831405758,0.47700497523667257,0.3859531992483258
V1_PASSAGE_SELECTION,1.6,0.6014019533018069,0.6257861635220127,0.6485268837868516,0.6307329753190141,0.5361790476776809,0.4775348108190474,0.386101820485285
V1_PASSAGE_SELECTION,1.7,0.6039117215138389,0.6257861635220127,0.6518647534345072,0.6356737281011752,0.5360533887220438,0.4778665802800824,0.38652326390117003
V1_PASSAGE_SELECTION,1.8,0.6064031376506425,0.6257861635220127,0.6564171252131951,0.6377936051909716,0.5363691815478402,0.47825397057765545,0.3867424450005621
V1_PASSAGE_SELECTION,1.9,0.607646066138931,0.6257861635220127,0.6564171252131951,0.6446282440023228,0.5363960564080943,0.4779571210660122,0.3869159086350289
V1_PASSAGE_SELECTION,2.0,0.6094079004879533,0.6320754716981133,0.6575064133582069,0.647891068990223,0.5369738819818958,0.4784492405022788,0.38728794576215725
V1_PASSAGE_SELECTION,2.1,0.6092034492303581,0.6320754716981133,0.6575064133582069,0.6470658798234786,0.5367093965997005,0.47859227450484443,0.38745495550949816
V1_PASSAGE_SELECTION,2.2,0.6102786850006251,0.6320754716981133,0.6575064133582069,0.6496349270239024,0.536889203286181,0.478496685414174,0.3875973477846812
V1_PASSAGE_SELECTION,2.3,0.6093716110109821,0.6320754716981133,0.6589821326224294,0.650607988849729,0.537225329350371,0.4790132449582946,0.3878973235659206
V1_PASSAGE_SELECTION,2.4,0.61130522683994,0.6446540880503147,0.6655878667051207,0.6510692231690131,0.536598937629974,0.4799519770561326,0.3884340089131959
V1_PASSAGE_SELECTION,2.5,0.6125090714977425,0.6446540880503147,0.6673807618311393,0.6513523512636351,0.5366424055831137,0.48007760884897305,0.3884672064430052
V1_PASSAGE_SELECTION,2.6,0.6135180983929117,0.6446540880503147,0.6673807618311393,0.6497954526303376,0.5360151434654017,0.48029131833806105,0.38858237404098817
V1_PASSAGE_SELECTION,2.7,0.6141072378975145,0.6572327044025159,0.6694341241351427,0.651344086826611,0.5360919164936148,0.48041460718444773,0.38892130062411506
V1_PASSAGE_SELECTION,2.8,0.6147499256365063,0.6572327044025159,0.6698205552543534,0.6516233708649615,0.5362478405459081,0.48045550230907413,0.3890201984980353
V1_PASSAGE_SELECTION,2.9,0.615725414788304,0.6572327044025159,0.6712962745185758,0.6526521576153582,0.5373011477766165,0.4804582575749483,0.3891530510721641
V1_PASSAGE_SELECTION,3.0,0.6171517313065528,0.6572327044025159,0.6730891696445943,0.6531019143560378,0.5385909241897812,0.4805487594754315,0.38930943562194775
V1_PASSAGE_SELECTION,3.1,0.6182397593626201,0.6572327044025159,0.6727027385253838,0.6529161100178784,0.5388607689671517,0.48041824111987746,0.3892920349705613
V1_PASSAGE_SELECTION,3.2,0.620729631453974,0.6635220125786164,0.6740261470173442,0.6548444457121123,0.5388150105376512,0.4805401815957577,0.38953390921722264
V1_PASSAGE_SELECTION,3.3,0.6186783377537707,0.6635220125786164,0.6740261470173442,0.6542389377143627,0.5389898206572024,0.4804158875789127,0.38960568079905766
V1_PASSAGE_SELECTION,3.4,0.6213473204397139,0.6635220125786164,0.6740261470173442,0.6560621330392991,0.538944603128619,0.48025685044167504,0.38962542146869394
V1_PASSAGE_SELECTION,3.5,0.6213919731795038,0.6635220125786164,0.6740261470173442,0.6558424518703044,0.5381380390194344,0.4801393608651976,0.3894977633056923
V1_PASSAGE_SELECTION,3.6,0.6238165759591043,0.6761006289308177,0.6776804425715905,0.6568331300381679,0.5376151787417225,0.4803719182070765,0.39004664679973833
V1_PASSAGE_SELECTION,3.7,0.624286302207228,0.6761006289308177,0.6784533048100118,0.6573916981148689,0.5374647878056147,0.48034133898248904,0.3901961228487793
V1_PASSAGE_SELECTION,3.8,0.6243964414078258,0.6761006289308177,0.67892279144407,0.6589876668722212,0.5377061595523236,0.48034514623464847,0.39020869601701813
V1_PASSAGE_SELECTION,3.9,0.6227906908104615,0.6761006289308177,0.67892279144407,0.6595797305615688,0.5382112008137566,0.48010802183523693,0.3901402449923128
V1_PASSAGE_SELECTION,4.0,0.6232990358788242,0.6761006289308177,0.6811713729467136,0.6595544618307986,0.5381347100992228,0.4802957282405764,0.39029236734763495
V1_PASSAGE_SELECTION,4.1,0.6241713925511627,0.6761006289308177,0.6815578040659241,0.6581833675356603,0.5381405565471881,0.48006081841662257,0.39032130572505297
V1_PASSAGE_SELECTION,4.2,0.6240295696051419,0.6761006289308177,0.6823306663043455,0.6595671247791055,0.5386569906622382,0.48024863124575984,0.39048502403590596
V1_PASSAGE_SELECTION,4.3,0.6261874903122108,0.6949685534591197,0.6838056356133626,0.6617392488476762,0.5392677188761646,0.48051691359744414,0.3908693404072031
V1_PASSAGE_SELECTION,4.4,0.6260638671902617,0.6949685534591197,0.6838056356133626,0.6617392488476762,0.5393381361489493,0.48042214967188934,0.39081049726925515
V1_PASSAGE_SELECTION,4.5,0.625517224826146,0.6949685534591197,0.6830327733749413,0.6614611198715481,0.5398331831155114,0.4801128277239592,0.3907555125086649
V1_PASSAGE_SELECTION,4.6,0.6258410352801307,0.6949685534591197,0.6848256685009598,0.6616507682659792,0.5402116336053779,0.48030352406955007,0.39078054402474166
V1_PASSAGE_SELECTION,4.7,0.6250846078196234,0.6949685534591197,0.6848256685009598,0.6612768494652154,0.5394626391416968,0.4802969465200083,0.39067989159185335
V1_PASSAGE_SELECTION,4.8,0.6247109048058684,0.6949685534591197,0.6848256685009598,0.6613703291654064,0.5386398233340645,0.4801695202493019,0.390667087936659
V1_PASSAGE_SELECTION,4.9,0.6243223304488847,0.6949685534591197,0.6870392473972936,0.6599417598205413,0.5390945202118089,0.4801265719408064,0.3906441234884615
V1_PASSAGE_SELECTION,5.0,0.6243056593621457,0.6949685534591197,0.6870392473972936,0.658435806688036,0.5390889000298765,0.48002433195755184,0.3906354273154467
V2_OPEN_DOC_only,0.0,0.581789193606207,0.6069182389937108,0.6315001535196871,0.6127231080628212,0.5157182401688561,0.46337441293608456,0.37935116511385936
V2_OPEN_DOC_only,0.1,0.5829064953001998,0.6069182389937108,0.6315001535196871,0.6138107385357608,0.5183089358909526,0.464642097752457,0.3799259841038173
V2_OPEN_DOC_only,0.2,0.58174386279679,0.6069182389937108,0.6300244342554646,0.6136628658766785,0.5210290304484719,0.46597410544801576,0.38040163727754944
V2_OPEN_DOC_only,0.3,0.584051215471245,0.6069182389937108,0.6300244342554646,0.612425082126562,0.5237928136977873,0.4674383368570022,0.3809107138406709
V2_OPEN_DOC_only,0.4,0.5868206935353427,0.6069182389937108,0.6300244342554646,0.6128924806275169,0.5255474875861692,0.46863276086031014,0.3815186451634131
V2_OPEN_DOC_only,0.5,0.5881341657966812,0.6069182389937108,0.6300244342554646,0.613811149494452,0.5271679147606599,0.4701353934706856,0.38204477021321054
V2_OPEN_DOC_only,0.6,0.588589865604438,0.6069182389937108,0.6284235010052219,0.614556064923244,0.5277725225958412,0.4713147319564122,0.38248133370810283
V2_OPEN_DOC_only,0.7,0.5895536207248476,0.6069182389937108,0.631374939533667,0.6150387696417908,0.5288008268576717,0.47214284446828575,0.3829580865185259
V2_OPEN_DOC_only,0.8,0.5905092969800625,0.6069182389937108,0.631374939533667,0.6151322493419817,0.5303400741362069,0.4729411882594515,0.38325638999085376
V2_OPEN_DOC_only,0.9,0.5921991479127573,0.6069182389937108,0.6350642376942233,0.6188536331574573,0.5322289665077664,0.4735408427901172,0.3835717826394368
V2_OPEN_DOC_only,1.0,0.5935310871804773,0.6194968553459121,0.6416699717769145,0.6227418256125221,0.5335400604646545,0.4751055196776405,0.38440555206308463
V2_OPEN_DOC_only,1.1,0.5933858644574458,0.6194968553459121,0.6416699717769145,0.6249842676353583,0.5344657933892589,0.4757617036244488,0.3847001520219176
V2_OPEN_DOC_only,1.2,0.596035435597641,0.6194968553459121,0.6449385861671557,0.626716153687906,0.5350363430307898,0.47634875959907746,0.3850537222511799
V2_OPEN_DOC_only,1.3,0.5963362564884916,0.6257861635220127,0.6460278743121676,0.6283286003423174,0.5339407674132289,0.4770213812097823,0.3854283341752904
V2_OPEN_DOC_only,1.4,0.5969516561733582,0.6257861635220127,0.6460278743121676,0.6274992055248763,0.5344818192098494,0.4768934268433972,0.3855897169061032
V2_OPEN_DOC_only,1.5,0.5984658661305253,0.6257861635220127,0.6468007365505888,0.6272325844348329,0.5345796114097273,0.47731725776848805,0.3858544772206162
V2_OPEN_DOC_only,1.6,0.6009541699422182,0.6257861635220127,0.6455754452584067,0.6271364733338721,0.5341603256887383,0.47735370971286295,0.38594332843594686
V2_OPEN_DOC_only,1.7,0.6038837890575005,0.6257861635220127,0.6489133149060622,0.6320772261160332,0.5352720798711976,0.4777047744748248,0.3863754619675562
V2_OPEN_DOC_only,1.8,0.607539630239985,0.6383647798742139,0.6556442629747739,0.6350399087146109,0.536208704424157,0.4786293369783511,0.3870382645338954
V2_OPEN_DOC_only,1.9,0.6082441916833841,0.6383647798742139,0.6556442629747739,0.6431123312760784,0.5364013588693807,0.47837433320021616,0.3872476454233099
V2_OPEN_DOC_only,2.0,0.6095070962963103,0.6383647798742139,0.6556442629747739,0.6464130879430554,0.5366300258679804,0.47905394898790604,0.3874903696143975
V2_OPEN_DOC_only,2.1,0.6092176785020693,0.6383647798742139,0.6556442629747739,0.644762709609567,0.5360057810131853,0.47935661367959,0.3876281175160218
V2_OPEN_DOC_only,2.2,0.6098161944523183,0.6383647798742139,0.6556442629747739,0.6473317568099908,0.5356372634632259,0.47914336800776375,0.3877642871939988
V2_OPEN_DOC_only,2.3,0.609802161837301,0.6383647798742139,0.6571199822389964,0.6474796294690732,0.5357935470895423,0.4793402322022583,0.38804295321067533
V2_OPEN_DOC_only,2.4,0.6116889793108904,0.6509433962264153,0.66520143558591,0.6480887364474397,0.5357691991583873,0.48013933447100166,0.38862781892651915
V2_OPEN_DOC_only,2.5,0.6132037639766874,0.6509433962264153,0.6673807618311393,0.6486511485804121,0.5358115308798318,0.48025696127060696,0.3887253241488228
V2_OPEN_DOC_only,2.6,0.6144988905696601,0.6509433962264153,0.6677671929503498,0.6498491014856977,0.535921688106346,0.4804582575403903,0.38904901017823024
V2_OPEN_DOC_only,2.7,0.6145837861787573,0.6509433962264153,0.6676419789643296,0.6498232207066368,0.5358612444847877,0.48002482296241733,0.38899714822875153
V2_OPEN_DOC_only,2.8,0.6151501426040539,0.6509433962264153,0.6691176982285522,0.6499710933657193,0.5358230047975563,0.47998352440657516,0.38912073448552126
V2_OPEN_DOC_only,2.9,0.6157210357694539,0.6509433962264153,0.6691176982285522,0.6509454871572244,0.5363904713259797,0.47995816422784116,0.3892478050540714
V2_OPEN_DOC_only,3.0,0.6156771915129452,0.6509433962264153,0.6702077363287694,0.6519461588658091,0.5383951544026827,0.48027016257366906,0.3895004634186142
V2_OPEN_DOC_only,3.1,0.6168438315072521,0.6509433962264153,0.6698213052095588,0.6526790233945851,0.538673184630123,0.48024591608305917,0.389478684600551
V2_OPEN_DOC_only,3.2,0.6192933253662767,0.6572327044025158,0.6711447137015193,0.6545138793886279,0.5386121080665214,0.48055047313403354,0.38972306455515227
V2_OPEN_DOC_only,3.3,0.6177672466567622,0.6572327044025158,0.6711447137015193,0.6539083713908782,0.5386509856090561,0.48043639846548597,0.38980053845690493
V2_OPEN_DOC_only,3.4,0.6198377364743285,0.6572327044025158,0.6711447137015193,0.6549063775490704,0.5384043425028843,0.4802049506806666,0.3897692763974804
V2_OPEN_DOC_only,3.5,0.6190661692697459,0.6572327044025158,0.6711447137015193,0.6544062572795029,0.5373158475567161,0.4799686787454934,0.38956348184191897
V2_OPEN_DOC_only,3.6,0.6202421398250656,0.6572327044025158,0.6711447137015193,0.6536745478129495,0.5370363990887272,0.4794221739467398,0.38958415529168655
V2_OPEN_DOC_only,3.7,0.6202950657904769,0.6572327044025158,0.6711447137015193,0.6536745478129495,0.5366942811867453,0.4792350718369568,0.3896058242015515
V2_OPEN_DOC_only,3.8,0.6216253929234032,0.6572327044025158,0.6716142003355775,0.6540327328201853,0.5369692882644538,0.479275454768429,0.38963534101352326
V2_OPEN_DOC_only,3.9,0.6216607658605148,0.6572327044025158,0.6716142003355775,0.6556831111536737,0.5368508284671328,0.4790827385767026,0.3895989642881145
V2_OPEN_DOC_only,4.0,0.6217240655053521,0.6572327044025158,0.676814220366666,0.6558601080408776,0.5368188025326703,0.4791241931615443,0.3897795844114049
V2_OPEN_DOC_only,4.1,0.6216267766957275,0.6572327044025158,0.676814220366666,0.6542097297073889,0.536557489218937,0.47880343775947726,0.3897421732305358
V2_OPEN_DOC_only,4.2,0.6216351765796202,0.6572327044025158,0.676814220366666,0.6542097297073889,0.5366532420258692,0.4788010100485858,0.38974360383162726
V2_OPEN_DOC_only,4.3,0.6238233884045166,0.6761006289308177,0.6782891896756832,0.6563818537759596,0.5372618635942453,0.47906513612939755,0.39012948729918345
V2_OPEN_DOC_only,4.4,0.6236350690742194,0.6761006289308177,0.6782891896756832,0.6563818537759596,0.5374182786591735,0.47904457033992703,0.3900454128120072
V2_OPEN_DOC_only,4.5,0.6226180083016288,0.6761006289308177,0.677516327437262,0.6561037247998316,0.5379030969661242,0.47895075165423406,0.38998621106859904
V2_OPEN_DOC_only,4.6,0.6227993212685319,0.6761006289308177,0.6793092225632805,0.6562933731942626,0.5383662416072,0.4791362452049691,0.39000722760672335
V2_OPEN_DOC_only,4.7,0.6220522354670267,0.6761006289308177,0.6793092225632805,0.6548611397493578,0.5374251626737511,0.4790994417663806,0.3898888338745135
V2_OPEN_DOC_only,4.8,0.621607343098551,0.6761006289308177,0.6793092225632805,0.6548611397493578,0.5367025124242416,0.47864497145338375,0.38984939664474694
V2_OPEN_DOC_only,4.9,0.6212500195117505,0.6761006289308177,0.6815228014596143,0.6542577595712369,0.5371507196826446,0.47849452261424413,0.38982373968371686
V2_OPEN_DOC_only,5.0,0.6212333484250114,0.6761006289308177,0.6815228014596143,0.6527518064387318,0.5371121946189915,0.4783666205293998,0.38979150798735296
