group,qid,docno,passage_length_words,query_jaccard,colbert_percentile,simcse_to_top4,ner_density_per100w
A_ASR_Max,1107704,msmarco_passage_53_63292867,45,0.125,94.94949494949495,0.8282530754804611,4.444444444444445
A_ASR_Max,1107704,msmarco_passage_68_155495476,62,0.13043478260869565,93.93939393939394,0.8204899281263351,4.838709677419355
A_ASR_Max,1107704,msmarco_passage_06_847024080,65,0.11764705882352941,92.92929292929293,0.8149096220731735,10.76923076923077
A_ASR_Max,1111577,msmarco_passage_30_131172954,87,0.15517241379310345,95.95959595959596,0.8006960302591324,1.1494252873563218
A_ASR_Max,1111577,msmarco_passage_05_563789830,53,0.16666666666666666,85.85858585858585,0.8448497951030731,1.8867924528301887
A_ASR_Max,1117243,msmarco_passage_23_342669409,51,0.07692307692307693,93.93939393939394,0.7820059210062027,1.9607843137254901
A_ASR_Max,1128632,msmarco_passage_50_575322419,62,0.11764705882352941,95.95959595959596,0.8153224587440491,1.6129032258064515
A_ASR_Max,168329,msmarco_passage_30_795590421,43,0.25,91.91919191919192,0.8575369268655777,0.0
A_ASR_Max,30611,msmarco_passage_07_94355630,50,0.16129032258064516,93.93939393939394,0.8223496526479721,16.0
A_ASR_Max,395948,msmarco_passage_64_172367505,67,0.07272727272727272,91.91919191919192,0.7795235812664032,10.447761194029852
A_ASR_Max,540006,msmarco_passage_24_649418758,39,0.12121212121212122,95.95959595959596,0.7997031509876251,17.94871794871795
A_ASR_Max,832573,msmarco_passage_24_205383441,66,0.09302325581395349,92.92929292929293,0.8346386402845383,3.0303030303030303
A_ASR_Max,832573,msmarco_passage_27_612382169,18,0.14285714285714285,87.87878787878788,0.8075189590454102,0.0
B_All_SBR,1006728,msmarco_passage_65_225025567,57,0.24444444444444444,92.92929292929293,0.8530029356479645,0.0
B_All_SBR,1006728,msmarco_passage_23_479124719,71,0.1016949152542373,90.9090909090909,0.8378650844097137,4.225352112676056
B_All_SBR,1006728,msmarco_passage_28_864687853,41,0.2,91.91919191919192,0.8114849627017975,2.4390243902439024
B_All_SBR,1006728,msmarco_passage_51_653520227,46,0.225,89.8989898989899,0.8142595589160919,2.1739130434782608
B_All_SBR,1040198,msmarco_passage_21_72934589,49,0.21428571428571427,95.95959595959596,0.8519711494445801,12.244897959183673
B_All_SBR,1040198,msmarco_passage_19_489886196,76,0.18181818181818182,94.94949494949495,0.8323981314897537,14.473684210526315
B_All_SBR,1040198,msmarco_passage_28_851468982,53,0.2,90.9090909090909,0.7797400802373886,7.547169811320755
B_All_SBR,1040198,msmarco_passage_56_572160546,52,0.10869565217391304,91.91919191919192,0.7592859715223312,5.769230769230769
B_All_SBR,1104300,msmarco_passage_41_625228576,45,0.18181818181818182,93.93939393939394,0.8522621095180511,6.666666666666667
B_All_SBR,1104300,msmarco_passage_00_692365008,33,0.2413793103448276,91.91919191919192,0.8295700699090958,6.0606060606060606
B_All_SBR,1104300,msmarco_passage_04_176516058,26,0.24,90.9090909090909,0.8875415772199631,11.538461538461538
B_All_SBR,1104300,msmarco_passage_41_661660789,42,0.18181818181818182,92.92929292929293,0.80851611495018,0.0
B_All_SBR,1104447,msmarco_passage_23_288607043,53,0.25,91.91919191919192,0.8988227099180222,3.7735849056603774
B_All_SBR,1104447,msmarco_passage_35_174658196,49,0.2777777777777778,90.9090909090909,0.8654690533876419,10.204081632653061
B_All_SBR,1104447,msmarco_passage_23_290887728,49,0.21428571428571427,88.88888888888889,0.8254990428686142,10.204081632653061
B_All_SBR,1104447,msmarco_passage_31_577003900,47,0.18604651162790697,86.86868686868688,0.8581439554691315,6.382978723404255
B_All_SBR,1107704,msmarco_passage_53_63292867,45,0.125,94.94949494949495,0.8282530754804611,4.444444444444445
B_All_SBR,1107704,msmarco_passage_68_155495476,62,0.13043478260869565,93.93939393939394,0.8204899281263351,4.838709677419355
B_All_SBR,1107704,msmarco_passage_06_847024080,65,0.11764705882352941,92.92929292929293,0.8149096220731735,10.76923076923077
B_All_SBR,1107704,msmarco_passage_22_36009561,52,0.13953488372093023,89.8989898989899,0.8323074877262115,11.538461538461538
B_All_SBR,1107821,msmarco_passage_45_848744528,51,0.09523809523809523,94.94949494949495,0.8781973272562027,19.607843137254903
B_All_SBR,1107821,msmarco_passage_39_21614560,40,0.09090909090909091,95.95959595959596,0.7977782189846039,22.5
B_All_SBR,1107821,msmarco_passage_20_544494898,58,0.09302325581395349,90.9090909090909,0.8713775873184204,24.137931034482758
B_All_SBR,1107821,msmarco_passage_26_865036706,47,0.11428571428571428,91.91919191919192,0.8441597819328308,14.893617021276595
B_All_SBR,1109840,msmarco_passage_65_153889578,73,0.19230769230769232,95.95959595959596,0.7846696227788925,6.8493150684931505
B_All_SBR,1109840,msmarco_passage_26_615703467,49,0.21951219512195122,93.93939393939394,0.8030085563659668,8.16326530612245
B_All_SBR,1109840,msmarco_passage_56_152854308,54,0.20930232558139536,91.91919191919192,0.8041819185018539,7.407407407407407
B_All_SBR,1109840,msmarco_passage_44_115537575,26,0.27586206896551724,92.92929292929293,0.8421895951032639,3.8461538461538463
B_All_SBR,1110996,msmarco_passage_15_425718829,36,0.12903225806451613,93.93939393939394,0.8682985454797745,2.7777777777777777
B_All_SBR,1110996,msmarco_passage_00_612808760,56,0.1282051282051282,92.92929292929293,0.8301427364349365,1.7857142857142858
B_All_SBR,1110996,msmarco_passage_00_649131098,52,0.1111111111111111,90.9090909090909,0.8711656033992767,5.769230769230769
B_All_SBR,1110996,msmarco_passage_02_566603201,40,0.1111111111111111,94.94949494949495,0.8155038505792618,10.0
B_All_SBR,1111577,msmarco_passage_45_771413389,45,0.17647058823529413,94.94949494949495,0.8067999333143234,2.2222222222222223
B_All_SBR,1111577,msmarco_passage_30_131172954,87,0.15517241379310345,95.95959595959596,0.8006960302591324,1.1494252873563218
B_All_SBR,1111577,msmarco_passage_05_563789830,53,0.16666666666666666,85.85858585858585,0.8448497951030731,1.8867924528301887
B_All_SBR,1111577,msmarco_passage_29_617232841,59,0.15555555555555556,90.9090909090909,0.7986847013235092,0.0
B_All_SBR,1113361,msmarco_passage_64_194927232,55,0.06818181818181818,94.94949494949495,0.8878842741250992,0.0
B_All_SBR,1113361,msmarco_passage_33_122466742,64,0.06818181818181818,90.9090909090909,0.9179299175739288,3.125
B_All_SBR,1113361,msmarco_passage_31_544615024,53,0.06818181818181818,93.93939393939394,0.8639952838420868,1.8867924528301887
B_All_SBR,1113361,msmarco_passage_09_618972452,48,0.09523809523809523,89.8989898989899,0.8548197448253632,2.0833333333333335
B_All_SBR,1117243,msmarco_passage_67_383701492,57,0.05,94.94949494949495,0.8312781453132629,0.0
B_All_SBR,1117243,msmarco_passage_23_342669409,51,0.07692307692307693,93.93939393939394,0.7820059210062027,1.9607843137254901
B_All_SBR,1117243,msmarco_passage_23_342471840,48,0.06976744186046512,95.95959595959596,0.7932455092668533,2.0833333333333335
B_All_SBR,1117243,msmarco_passage_29_287281174,55,0.045454545454545456,92.92929292929293,0.7937135100364685,0.0
B_All_SBR,1118716,msmarco_passage_19_863525564,50,0.14285714285714285,94.94949494949495,0.8367772251367569,12.0
B_All_SBR,1118716,msmarco_passage_22_54726837,52,0.13513513513513514,93.93939393939394,0.8353800922632217,9.615384615384615
B_All_SBR,1118716,msmarco_passage_43_530797423,46,0.1282051282051282,86.86868686868688,0.8598780632019043,4.3478260869565215
B_All_SBR,1118716,msmarco_passage_20_738724479,78,0.09615384615384616,89.8989898989899,0.8316837847232819,3.8461538461538463
B_All_SBR,1121909,msmarco_passage_29_317614290,55,0.13953488372093023,95.95959595959596,0.8553238064050674,1.8181818181818181
B_All_SBR,1121909,msmarco_passage_32_545015896,49,0.11363636363636363,94.94949494949495,0.8654582053422928,0.0
B_All_SBR,1121909,msmarco_passage_04_202970031,39,0.14285714285714285,91.91919191919192,0.8571751862764359,2.5641025641025643
B_All_SBR,1121909,msmarco_passage_21_588006708,61,0.13333333333333333,90.9090909090909,0.8716973960399628,3.278688524590164
B_All_SBR,112700,msmarco_passage_27_631089875,40,0.12121212121212122,96.96969696969697,0.8722065091133118,17.5
B_All_SBR,112700,msmarco_passage_45_191385723,59,0.061224489795918366,88.88888888888889,0.8890881091356277,3.389830508474576
B_All_SBR,112700,msmarco_passage_36_792525846,41,0.15384615384615385,92.92929292929293,0.810276448726654,2.4390243902439024
B_All_SBR,112700,msmarco_passage_06_242494666,47,0.10810810810810811,87.87878787878788,0.8582049906253815,6.382978723404255
B_All_SBR,1128632,msmarco_passage_50_575322419,62,0.11764705882352941,95.95959595959596,0.8153224587440491,1.6129032258064515
B_All_SBR,1128632,msmarco_passage_60_500985753,54,0.13333333333333333,91.91919191919192,0.7966201305389404,1.8518518518518519
B_All_SBR,1128632,msmarco_passage_44_272802500,48,0.15384615384615385,90.9090909090909,0.7581153810024261,0.0
B_All_SBR,1128632,msmarco_passage_59_208874081,40,0.10810810810810811,92.92929292929293,0.8005752116441727,12.5
B_All_SBR,1129560,msmarco_passage_26_361480211,76,0.07547169811320754,93.93939393939394,0.8382706344127655,1.3157894736842106
B_All_SBR,1129560,msmarco_passage_36_324481872,41,0.08333333333333333,94.94949494949495,0.8105332404375076,0.0
B_All_SBR,1129560,msmarco_passage_64_554391756,47,0.1111111111111111,91.91919191919192,0.8164387792348862,6.382978723404255
B_All_SBR,1129560,msmarco_passage_50_805101851,61,0.06976744186046512,87.87878787878788,0.8383755087852478,1.639344262295082
B_All_SBR,168329,msmarco_passage_38_867366499,50,0.21621621621621623,93.93939393939394,0.8782096058130264,8.0
B_All_SBR,168329,msmarco_passage_30_795590421,43,0.25,91.91919191919192,0.8575369268655777,0.0
B_All_SBR,168329,msmarco_passage_38_867365984,63,0.2702702702702703,92.92929292929293,0.8376914113759995,4.761904761904762
B_All_SBR,168329,msmarco_passage_25_259221061,37,0.27586206896551724,90.9090909090909,0.8714487999677658,0.0
B_All_SBR,190623,msmarco_passage_18_550907066,45,0.08108108108108109,95.95959595959596,0.666399747133255,26.666666666666668
B_All_SBR,190623,msmarco_passage_18_550908404,48,0.075,92.92929292929293,0.671694740653038,27.083333333333332
B_All_SBR,190623,msmarco_passage_18_550906639,38,0.058823529411764705,94.94949494949495,0.6276553124189377,31.57894736842105
B_All_SBR,190623,msmarco_passage_18_550905367,46,0.05714285714285714,91.91919191919192,0.6723843812942505,32.608695652173914
B_All_SBR,2082,msmarco_passage_26_846132892,54,0.11764705882352941,95.95959595959596,0.8678731173276901,3.7037037037037037
B_All_SBR,2082,msmarco_passage_10_673115327,56,0.16666666666666666,93.93939393939394,0.8716491907835007,3.5714285714285716
B_All_SBR,2082,msmarco_passage_39_461879190,68,0.10526315789473684,92.92929292929293,0.8517054170370102,4.411764705882353
B_All_SBR,2082,msmarco_passage_55_738286358,49,0.15555555555555556,88.88888888888889,0.8919666558504105,2.0408163265306123
B_All_SBR,226975,msmarco_passage_24_559073437,50,0.10869565217391304,95.95959595959596,0.8201205432415009,10.0
B_All_SBR,226975,msmarco_passage_59_779343147,57,0.09803921568627451,94.94949494949495,0.8018653988838196,10.526315789473685
B_All_SBR,226975,msmarco_passage_25_95176272,69,0.11320754716981132,93.93939393939394,0.8036744296550751,8.695652173913043
B_All_SBR,226975,msmarco_passage_59_710149301,87,0.07017543859649122,92.92929292929293,0.7335066050291061,6.896551724137931
B_All_SBR,23287,msmarco_passage_42_184648743,54,0.12,88.88888888888889,0.8122571259737015,0.0
B_All_SBR,23287,msmarco_passage_11_422302183,76,0.09433962264150944,87.87878787878788,0.8447017520666122,0.0
B_All_SBR,23287,msmarco_passage_02_500355930,38,0.12903225806451613,85.85858585858585,0.8693944364786148,0.0
B_All_SBR,23287,msmarco_passage_52_19590082,26,0.16666666666666666,89.8989898989899,0.7841579616069794,15.384615384615385
B_All_SBR,237669,msmarco_passage_10_602776522,39,0.16666666666666666,93.93939393939394,0.8472229987382889,12.820512820512821
B_All_SBR,237669,msmarco_passage_17_527703255,46,0.15789473684210525,91.91919191919192,0.8453292697668076,17.391304347826086
B_All_SBR,237669,msmarco_passage_65_555172153,44,0.15384615384615385,89.8989898989899,0.8794977217912674,13.636363636363637
B_All_SBR,237669,msmarco_passage_01_18414553,32,0.21428571428571427,87.87878787878788,0.861121267080307,12.5
B_All_SBR,253263,msmarco_passage_28_326468821,56,0.11627906976744186,88.88888888888889,0.8238976746797562,1.7857142857142858
B_All_SBR,253263,msmarco_passage_39_711863628,58,0.15,86.86868686868688,0.8470791429281235,8.620689655172415
B_All_SBR,253263,msmarco_passage_10_191792164,18,0.45,87.87878787878788,0.8338929265737534,0.0
B_All_SBR,253263,msmarco_passage_02_511537499,48,0.225,83.83838383838383,0.8470246195793152,8.333333333333334
B_All_SBR,300025,msmarco_passage_20_281778523,80,0.08196721311475409,95.95959595959596,0.770941898226738,16.25
B_All_SBR,300025,msmarco_passage_01_860445927,57,0.07272727272727272,93.93939393939394,0.7841664552688599,12.280701754385966
B_All_SBR,300025,msmarco_passage_62_872025429,45,0.175,90.9090909090909,0.7057825773954391,4.444444444444445
B_All_SBR,300025,msmarco_passage_48_244666680,53,0.13636363636363635,87.87878787878788,0.70096854865551,3.7735849056603774
B_All_SBR,300986,msmarco_passage_28_817645953,54,0.12195121951219512,93.93939393939394,0.8704784959554672,7.407407407407407
B_All_SBR,300986,msmarco_passage_14_491491316,43,0.13513513513513514,94.94949494949495,0.8399876803159714,27.906976744186046
B_All_SBR,300986,msmarco_passage_14_491489667,54,0.13636363636363635,91.91919191919192,0.8623926043510437,24.074074074074073
B_All_SBR,300986,msmarco_passage_48_253244347,45,0.14285714285714285,92.92929292929293,0.8766183406114578,2.2222222222222223
B_All_SBR,30611,msmarco_passage_11_59933115,79,0.11538461538461539,95.95959595959596,0.8127432018518448,16.455696202531644
B_All_SBR,30611,msmarco_passage_07_94355630,50,0.16129032258064516,93.93939393939394,0.8223496526479721,16.0
B_All_SBR,30611,msmarco_passage_58_752701097,32,0.14814814814814814,94.94949494949495,0.7662743180990219,15.625
B_All_SBR,30611,msmarco_passage_11_308282957,57,0.10204081632653061,92.92929292929293,0.8104030638933182,17.54385964912281
B_All_SBR,337656,msmarco_passage_64_504411889,62,0.11538461538461539,94.94949494949495,0.7772621959447861,16.129032258064516
B_All_SBR,337656,msmarco_passage_65_57452647,65,0.10416666666666667,91.91919191919192,0.722588375210762,7.6923076923076925
B_All_SBR,337656,msmarco_passage_26_795932174,66,0.11320754716981132,89.8989898989899,0.7220706045627594,10.606060606060606
B_All_SBR,337656,msmarco_passage_62_871924943,63,0.11764705882352941,93.93939393939394,0.6954307705163956,11.11111111111111
B_All_SBR,364210,msmarco_passage_11_73532770,51,0.1282051282051282,92.92929292929293,0.9026694297790527,0.0
B_All_SBR,364210,msmarco_passage_43_286763885,67,0.09615384615384616,93.93939393939394,0.8409283757209778,0.0
B_All_SBR,364210,msmarco_passage_61_344485493,48,0.13157894736842105,87.87878787878788,0.8736529052257538,0.0
B_All_SBR,364210,msmarco_passage_09_484429649,50,0.13513513513513514,91.91919191919192,0.8702444136142731,0.0
B_All_SBR,395948,msmarco_passage_40_31220962,37,0.07692307692307693,95.95959595959596,0.7924561053514481,24.324324324324323
B_All_SBR,395948,msmarco_passage_09_593796930,32,0.08333333333333333,94.94949494949495,0.7990547865629196,18.75
B_All_SBR,395948,msmarco_passage_12_633563963,37,0.12195121951219512,93.93939393939394,0.7837848663330078,8.108108108108109
B_All_SBR,395948,msmarco_passage_64_172367505,67,0.07272727272727272,91.91919191919192,0.7795235812664032,10.447761194029852
B_All_SBR,421946,msmarco_passage_07_822264197,58,0.06666666666666667,92.92929292929293,0.7050885856151581,0.0
B_All_SBR,421946,msmarco_passage_38_643532666,45,0.1111111111111111,93.93939393939394,0.6943302303552628,2.2222222222222223
B_All_SBR,421946,msmarco_passage_38_643515607,57,0.08888888888888889,84.84848484848484,0.6789737045764923,5.2631578947368425
B_All_SBR,421946,msmarco_passage_12_735897565,48,0.075,89.8989898989899,0.695860281586647,2.0833333333333335
B_All_SBR,493490,msmarco_passage_06_803466276,47,0.05128205128205128,94.94949494949495,0.8098530173301697,6.382978723404255
B_All_SBR,493490,msmarco_passage_39_306370285,41,0.07894736842105263,92.92929292929293,0.8132545202970505,7.317073170731708
B_All_SBR,493490,msmarco_passage_27_65381657,42,0.05555555555555555,93.93939393939394,0.8090803325176239,7.142857142857143
B_All_SBR,493490,msmarco_passage_09_749667729,40,0.058823529411764705,91.91919191919192,0.8331175148487091,7.5
B_All_SBR,505390,msmarco_passage_08_670354349,57,0.06666666666666667,89.8989898989899,0.8881374895572662,5.2631578947368425
B_All_SBR,505390,msmarco_passage_44_362405718,38,0.025,95.95959595959596,0.7763209193944931,15.789473684210526
B_All_SBR,505390,msmarco_passage_08_670355264,59,0.058823529411764705,88.88888888888889,0.8901528716087341,6.779661016949152
B_All_SBR,505390,msmarco_passage_45_608311322,31,0.03225806451612903,92.92929292929293,0.8683055341243744,3.225806451612903
B_All_SBR,508292,msmarco_passage_04_27012834,55,0.0975609756097561,95.95959595959596,0.9257798790931702,1.8181818181818181
B_All_SBR,508292,msmarco_passage_51_808126959,41,0.125,94.94949494949495,0.8254029005765915,0.0
B_All_SBR,508292,msmarco_passage_66_117898684,48,0.1111111111111111,88.88888888888889,0.9088431000709534,8.333333333333334
B_All_SBR,508292,msmarco_passage_46_636852269,51,0.07317073170731707,84.84848484848484,0.8661142587661743,0.0
B_All_SBR,540006,msmarco_passage_24_649418758,39,0.12121212121212122,95.95959595959596,0.7997031509876251,17.94871794871795
B_All_SBR,540006,msmarco_passage_29_364916433,35,0.08333333333333333,94.94949494949495,0.7683556526899338,20.0
B_All_SBR,540006,msmarco_passage_39_497540129,29,0.07407407407407407,88.88888888888889,0.8106005489826202,10.344827586206897
B_All_SBR,540006,msmarco_passage_51_425263822,62,0.08333333333333333,92.92929292929293,0.7721545249223709,6.451612903225806
B_All_SBR,596569,msmarco_passage_03_507786841,59,0.13636363636363635,95.95959595959596,0.821315661072731,0.0
B_All_SBR,596569,msmarco_passage_25_467716834,57,0.1276595744680851,94.94949494949495,0.7740083932876587,3.508771929824561
B_All_SBR,596569,msmarco_passage_65_648878943,70,0.14285714285714285,92.92929292929293,0.8102888613939285,0.0
B_All_SBR,596569,msmarco_passage_12_265819081,54,0.13953488372093023,89.8989898989899,0.8366283625364304,11.11111111111111
B_All_SBR,629937,msmarco_passage_09_484020537,41,0.15625,94.94949494949495,0.7798272371292114,2.4390243902439024
B_All_SBR,629937,msmarco_passage_35_97819308,75,0.09615384615384616,90.9090909090909,0.7974984496831894,0.0
B_All_SBR,629937,msmarco_passage_35_97810880,55,0.11904761904761904,87.87878787878788,0.8163025081157684,0.0
B_All_SBR,629937,msmarco_passage_62_95660767,46,0.1388888888888889,84.84848484848484,0.831734374165535,0.0
B_All_SBR,646091,msmarco_passage_36_207498071,39,0.0967741935483871,91.91919191919192,0.9050342738628387,2.5641025641025643
B_All_SBR,646091,msmarco_passage_53_355454477,58,0.044444444444444446,92.92929292929293,0.8813230991363525,3.4482758620689653
B_All_SBR,646091,msmarco_passage_28_313169904,45,0.08823529411764706,90.9090909090909,0.9012759923934937,2.2222222222222223
B_All_SBR,646091,msmarco_passage_06_765034498,44,0.11764705882352941,89.8989898989899,0.8985539227724075,0.0
B_All_SBR,647362,msmarco_passage_11_727532523,44,0.11428571428571428,95.95959595959596,0.7782856374979019,11.363636363636363
B_All_SBR,647362,msmarco_passage_12_184371719,33,0.18518518518518517,91.91919191919192,0.7275181859731674,12.121212121212121
B_All_SBR,647362,msmarco_passage_04_182106908,44,0.13636363636363635,85.85858585858585,0.7409870773553848,0.0
B_All_SBR,647362,msmarco_passage_01_500884606,60,0.11764705882352941,84.84848484848484,0.7464595884084702,11.666666666666666
B_All_SBR,661905,msmarco_passage_17_120561114,62,0.11538461538461539,95.95959595959596,0.834204226732254,0.0
B_All_SBR,661905,msmarco_passage_01_512660233,46,0.13043478260869565,94.94949494949495,0.809207409620285,8.695652173913043
B_All_SBR,661905,msmarco_passage_66_625460603,46,0.1951219512195122,93.93939393939394,0.8128722608089447,0.0
B_All_SBR,661905,msmarco_passage_11_732897355,52,0.1951219512195122,86.86868686868688,0.8732396066188812,0.0
B_All_SBR,681645,msmarco_passage_15_51351061,54,0.10526315789473684,95.95959595959596,0.8087663650512695,1.8518518518518519
B_All_SBR,681645,msmarco_passage_17_186756741,42,0.1111111111111111,94.94949494949495,0.8188514411449432,0.0
B_All_SBR,681645,msmarco_passage_41_518852776,55,0.1388888888888889,90.9090909090909,0.8052865266799927,0.0
B_All_SBR,681645,msmarco_passage_01_716676189,37,0.1111111111111111,92.92929292929293,0.8091590702533722,0.0
B_All_SBR,688007,msmarco_passage_09_852058652,66,0.06666666666666667,93.93939393939394,0.8395731747150421,0.0
B_All_SBR,688007,msmarco_passage_09_852014369,48,0.07692307692307693,94.94949494949495,0.763713002204895,4.166666666666667
B_All_SBR,688007,msmarco_passage_33_763167006,50,0.10344827586206896,92.92929292929293,0.7610878795385361,4.0
B_All_SBR,688007,msmarco_passage_09_852065060,54,0.09090909090909091,83.83838383838383,0.7744902968406677,7.407407407407407
B_All_SBR,707882,msmarco_passage_08_846999528,60,0.045454545454545456,92.92929292929293,0.8390918970108032,0.0
B_All_SBR,707882,msmarco_passage_08_846996505,44,0.06060606060606061,94.94949494949495,0.8200612217187881,2.272727272727273
B_All_SBR,707882,msmarco_passage_30_366126828,36,0.06666666666666667,96.96969696969697,0.8062630295753479,0.0
B_All_SBR,707882,msmarco_passage_30_366124204,55,0.06818181818181818,93.93939393939394,0.8242072910070419,10.909090909090908
B_All_SBR,764738,msmarco_passage_17_501553428,30,0.1,95.95959595959596,0.7930382043123245,0.0
B_All_SBR,764738,msmarco_passage_19_596453214,53,0.12121212121212122,92.92929292929293,0.8592290431261063,3.7735849056603774
B_All_SBR,764738,msmarco_passage_14_421130213,66,0.1282051282051282,93.93939393939394,0.8318623602390289,0.0
B_All_SBR,764738,msmarco_passage_25_856491012,51,0.10256410256410256,90.9090909090909,0.8221976310014725,9.803921568627452
B_All_SBR,806694,msmarco_passage_68_780410013,40,0.12195121951219512,94.94949494949495,0.7917720824480057,7.5
B_All_SBR,806694,msmarco_passage_50_490428375,61,0.10204081632653061,93.93939393939394,0.7839233726263046,1.639344262295082
B_All_SBR,806694,msmarco_passage_28_60089520,27,0.32,90.9090909090909,0.8156765401363373,11.11111111111111
B_All_SBR,806694,msmarco_passage_68_784630774,62,0.1568627450980392,88.88888888888889,0.7886734306812286,9.67741935483871
B_All_SBR,818583,msmarco_passage_38_494079979,64,0.14285714285714285,94.94949494949495,0.8873693645000458,10.9375
B_All_SBR,818583,msmarco_passage_44_757711640,65,0.19047619047619047,93.93939393939394,0.9028165340423584,9.23076923076923
B_All_SBR,818583,msmarco_passage_44_757676816,46,0.2857142857142857,91.91919191919192,0.8949170112609863,13.043478260869565
B_All_SBR,818583,msmarco_passage_07_548630868,61,0.19047619047619047,92.92929292929293,0.8190627694129944,9.836065573770492
B_All_SBR,832573,msmarco_passage_24_205383441,66,0.09302325581395349,92.92929292929293,0.8346386402845383,3.0303030303030303
B_All_SBR,832573,msmarco_passage_24_205385166,47,0.10256410256410256,91.91919191919192,0.8481665253639221,4.25531914893617
B_All_SBR,832573,msmarco_passage_20_44541310,40,0.07894736842105263,94.94949494949495,0.7788830697536469,10.0
B_All_SBR,832573,msmarco_passage_27_612382169,18,0.14285714285714285,87.87878787878788,0.8075189590454102,0.0
B_All_SBR,835760,msmarco_passage_46_424085011,54,0.1794871794871795,93.93939393939394,0.9084668606519699,0.0
B_All_SBR,835760,msmarco_passage_22_465100299,46,0.22580645161290322,95.95959595959596,0.9130474030971527,2.1739130434782608
B_All_SBR,835760,msmarco_passage_12_833050844,45,0.14285714285714285,94.94949494949495,0.9110738188028336,4.444444444444445
B_All_SBR,835760,msmarco_passage_08_787082193,47,0.20588235294117646,92.92929292929293,0.9066628813743591,4.25531914893617
B_All_SBR,845121,msmarco_passage_39_391065769,54,0.175,95.95959595959596,0.8654494732618332,11.11111111111111
B_All_SBR,845121,msmarco_passage_06_611756102,51,0.15384615384615385,92.92929292929293,0.9173501133918762,7.8431372549019605
B_All_SBR,845121,msmarco_passage_14_661014156,40,0.23333333333333334,94.94949494949495,0.889426127076149,2.5
B_All_SBR,845121,msmarco_passage_16_135625020,49,0.15384615384615385,93.93939393939394,0.8699458539485931,10.204081632653061
B_All_SBR,935353,msmarco_passage_17_642045950,47,0.14285714285714285,93.93939393939394,0.8502709716558456,25.53191489361702
B_All_SBR,935353,msmarco_passage_66_440740118,37,0.14705882352941177,94.94949494949495,0.8608034402132034,13.513513513513514
B_All_SBR,935353,msmarco_passage_34_806832578,52,0.125,90.9090909090909,0.8492104560136795,25.0
B_All_SBR,935353,msmarco_passage_49_225979544,67,0.11904761904761904,81.81818181818181,0.8778295069932938,19.402985074626866
B_All_SBR,935964,msmarco_passage_35_61731466,59,0.11764705882352941,93.93939393939394,0.8380161225795746,15.254237288135593
B_All_SBR,935964,msmarco_passage_08_318054068,60,0.11538461538461539,89.8989898989899,0.8874214291572571,13.333333333333334
B_All_SBR,935964,msmarco_passage_03_806530124,39,0.0975609756097561,91.91919191919192,0.845976859331131,23.076923076923077
B_All_SBR,935964,msmarco_passage_35_61733187,65,0.08620689655172414,86.86868686868688,0.8899690806865692,9.23076923076923
B_All_SBR,952262,msmarco_passage_11_8858858,68,0.21153846153846154,93.93939393939394,0.8794090747833252,5.882352941176471
B_All_SBR,952262,msmarco_passage_48_749209638,76,0.16363636363636364,89.8989898989899,0.8746505975723267,3.9473684210526314
B_All_SBR,952262,msmarco_passage_40_515445277,44,0.2564102564102564,90.9090909090909,0.823147177696228,0.0
B_All_SBR,952262,msmarco_passage_55_297870367,47,0.20930232558139536,85.85858585858585,0.9084253907203674,4.25531914893617
B_All_SBR,952284,msmarco_passage_11_288630511,79,0.15384615384615385,94.94949494949495,0.8026413768529892,3.7974683544303796
B_All_SBR,952284,msmarco_passage_36_726687505,55,0.13333333333333333,93.93939393939394,0.7775757014751434,1.8181818181818181
B_All_SBR,952284,msmarco_passage_30_313413887,50,0.16279069767441862,95.95959595959596,0.7481723427772522,0.0
B_All_SBR,952284,msmarco_passage_23_513988962,45,0.19047619047619047,92.92929292929293,0.7801074832677841,8.88888888888889
B_All_SBR,975079,msmarco_passage_39_7640982,44,0.10526315789473684,93.93939393939394,0.8856652826070786,11.363636363636363
B_All_SBR,975079,msmarco_passage_58_259083082,44,0.125,90.9090909090909,0.8577350378036499,25.0
B_All_SBR,975079,msmarco_passage_06_135432401,62,0.07317073170731707,91.91919191919192,0.8162135630846024,14.516129032258064
B_All_SBR,975079,msmarco_passage_59_773341087,33,0.0967741935483871,89.8989898989899,0.7991313189268112,18.181818181818183
C_ColBERT_top4,1006728,msmarco_passage_66_84491897,45,0.3225806451612903,100.0,0.9121923844019572,2.2222222222222223
C_ColBERT_top4,1006728,msmarco_passage_29_510661852,58,0.24324324324324326,97.97979797979798,0.9121923446655273,3.4482758620689653
C_ColBERT_top4,1006728,msmarco_passage_00_805095721,53,0.23255813953488372,95.95959595959596,0.8676841557025909,3.7735849056603774
C_ColBERT_top4,1006728,msmarco_passage_13_574326454,46,0.2571428571428571,93.93939393939394,0.8175675868988037,6.521739130434782
C_ColBERT_top4,1040198,msmarco_passage_21_73132792,53,0.2682926829268293,100.0,0.855225662390391,13.20754716981132
C_ColBERT_top4,1040198,msmarco_passage_18_855527748,72,0.22916666666666666,98.98989898989899,0.8220837314923605,11.11111111111111
C_ColBERT_top4,1040198,msmarco_passage_18_855178612,56,0.1875,97.97979797979798,0.7469418048858643,10.714285714285714
C_ColBERT_top4,1040198,msmarco_passage_19_125724558,46,0.21052631578947367,96.96969696969697,0.8510015805562338,15.217391304347826
C_ColBERT_top4,1104300,msmarco_passage_04_229219126,34,0.27586206896551724,100.0,0.8353542685508728,0.0
C_ColBERT_top4,1104300,msmarco_passage_13_403234311,50,0.14285714285714285,98.98989898989899,0.8790159424146017,0.0
C_ColBERT_top4,1104300,msmarco_passage_09_610218932,43,0.2857142857142857,97.97979797979798,0.8962839841842651,0.0
C_ColBERT_top4,1104300,msmarco_passage_39_832891254,47,0.25806451612903225,94.94949494949495,0.8276840448379517,4.25531914893617
C_ColBERT_top4,1104447,msmarco_passage_23_292595528,42,0.17073170731707318,100.0,0.9134472012519836,2.380952380952381
C_ColBERT_top4,1104447,msmarco_passage_64_118540069,49,0.21951219512195122,98.98989898989899,0.9711491465568542,2.0408163265306123
C_ColBERT_top4,1104447,msmarco_passage_30_651422467,52,0.20454545454545456,93.93939393939394,0.8161905109882355,5.769230769230769
C_ColBERT_top4,1104447,msmarco_passage_55_657553371,54,0.18,92.92929292929293,0.9102785885334015,1.8518518518518519
C_ColBERT_top4,1107704,msmarco_passage_06_221669119,34,0.13157894736842105,100.0,0.7138015230496725,14.705882352941176
C_ColBERT_top4,1107704,msmarco_passage_06_847023736,38,0.17142857142857143,98.98989898989899,0.7854490081469218,7.894736842105263
C_ColBERT_top4,1107704,msmarco_passage_01_204519962,52,0.13636363636363635,97.97979797979798,0.8448509375254313,5.769230769230769
C_ColBERT_top4,1107704,msmarco_passage_06_221679446,50,0.15,95.95959595959596,0.7523265182971954,4.0
C_ColBERT_top4,1107821,msmarco_passage_40_167978653,40,0.09375,100.0,0.8534551461537679,17.5
C_ColBERT_top4,1107821,msmarco_passage_20_544498564,53,0.1,98.98989898989899,0.8543915748596191,22.641509433962263
C_ColBERT_top4,1107821,msmarco_passage_31_859330905,52,0.09523809523809523,97.97979797979798,0.8683606386184692,15.384615384615385
C_ColBERT_top4,1107821,msmarco_passage_40_167980252,58,0.12195121951219512,96.96969696969697,0.8177847464879354,15.517241379310345
C_ColBERT_top4,1109840,msmarco_passage_66_809521360,28,0.7619047619047619,100.0,0.879073977470398,0.0
C_ColBERT_top4,1109840,msmarco_passage_66_809521662,33,0.4666666666666667,98.98989898989899,0.8848615090052286,6.0606060606060606
C_ColBERT_top4,1109840,msmarco_passage_10_696727361,43,0.45161290322580644,97.97979797979798,0.9045222401618958,6.976744186046512
C_ColBERT_top4,1109840,msmarco_passage_44_115337209,44,0.2777777777777778,96.96969696969697,0.8394845128059387,6.818181818181818
C_ColBERT_top4,1110996,msmarco_passage_30_604452674,45,0.21212121212121213,100.0,0.8314745426177979,0.0
C_ColBERT_top4,1110996,msmarco_passage_01_139310248,56,0.11363636363636363,98.98989898989899,0.8816033204396566,0.0
C_ColBERT_top4,1110996,msmarco_passage_11_677770223,52,0.14634146341463414,97.97979797979798,0.8421085079511007,0.0
C_ColBERT_top4,1110996,msmarco_passage_00_560151626,48,0.1111111111111111,96.96969696969697,0.8331115047136942,0.0
C_ColBERT_top4,1111577,msmarco_passage_57_75277978,35,0.3,100.0,0.8067921797434489,2.857142857142857
C_ColBERT_top4,1111577,msmarco_passage_47_543222397,17,0.3125,98.98989898989899,0.8521378636360168,17.647058823529413
C_ColBERT_top4,1111577,msmarco_passage_57_75279844,40,0.14634146341463414,97.97979797979798,0.7750136256217957,2.5
C_ColBERT_top4,1111577,msmarco_passage_30_131171717,46,0.15789473684210525,96.96969696969697,0.8576352596282959,4.3478260869565215
C_ColBERT_top4,1113361,msmarco_passage_28_207314361,42,0.09090909090909091,100.0,0.9061627586682638,2.380952380952381
C_ColBERT_top4,1113361,msmarco_passage_16_95653147,50,0.08823529411764706,98.98989898989899,0.927069902420044,4.0
C_ColBERT_top4,1113361,msmarco_passage_64_194926716,53,0.08108108108108109,97.97979797979798,0.9246543447176615,1.8867924528301887
C_ColBERT_top4,1113361,msmarco_passage_26_565836663,93,0.045454545454545456,96.96969696969697,0.9018849531809489,3.225806451612903
C_ColBERT_top4,1117243,msmarco_passage_24_223390352,54,0.047619047619047616,100.0,0.8003485600153605,0.0
C_ColBERT_top4,1117243,msmarco_passage_13_8344014,68,0.06,98.98989898989899,0.7892764608065287,10.294117647058824
C_ColBERT_top4,1117243,msmarco_passage_37_509408647,44,0.08571428571428572,97.97979797979798,0.7977966864903768,2.272727272727273
C_ColBERT_top4,1117243,msmarco_passage_23_342471482,43,0.07692307692307693,96.96969696969697,0.7486936450004578,0.0
C_ColBERT_top4,1118716,msmarco_passage_07_847844617,53,0.16216216216216217,100.0,0.8170661727587382,1.8867924528301887
C_ColBERT_top4,1118716,msmarco_passage_15_95579322,37,0.10526315789473684,98.98989898989899,0.9007104635238647,8.108108108108109
C_ColBERT_top4,1118716,msmarco_passage_19_863328013,68,0.1111111111111111,96.96969696969697,0.8374619285265604,5.882352941176471
C_ColBERT_top4,1118716,msmarco_passage_22_54723452,57,0.13953488372093023,95.95959595959596,0.7901178300380707,5.2631578947368425
C_ColBERT_top4,1121909,msmarco_passage_02_729699920,63,0.0851063829787234,100.0,0.8435094555219015,6.349206349206349
C_ColBERT_top4,1121909,msmarco_passage_68_306305974,44,0.16666666666666666,98.98989898989899,0.8640996217727661,4.545454545454546
C_ColBERT_top4,1121909,msmarco_passage_32_618725185,33,0.24,97.97979797979798,0.8440566658973694,3.0303030303030303
C_ColBERT_top4,1121909,msmarco_passage_68_264235915,42,0.13513513513513514,96.96969696969697,0.8481318155924479,7.142857142857143
C_ColBERT_top4,112700,msmarco_passage_18_757021196,30,0.10714285714285714,100.0,0.8431068460146586,13.333333333333334
C_ColBERT_top4,112700,msmarco_passage_07_292095541,32,0.13793103448275862,98.98989898989899,0.772346039613088,3.125
C_ColBERT_top4,112700,msmarco_passage_30_794527402,42,0.1,97.97979797979798,0.8523314992586771,11.904761904761905
C_ColBERT_top4,112700,msmarco_passage_02_165691232,48,0.07142857142857142,95.95959595959596,0.796392947435379,8.333333333333334
C_ColBERT_top4,1128632,msmarco_passage_50_575321217,86,0.078125,100.0,0.7813525597254435,0.0
C_ColBERT_top4,1128632,msmarco_passage_50_575325127,54,0.11363636363636363,98.98989898989899,0.8106774687767029,1.8518518518518519
C_ColBERT_top4,1128632,msmarco_passage_35_82242479,34,0.16666666666666666,97.97979797979798,0.8148919741312662,23.529411764705884
C_ColBERT_top4,1128632,msmarco_passage_44_267754348,51,0.12,96.96969696969697,0.7910142938296,9.803921568627452
C_ColBERT_top4,1129560,msmarco_passage_22_621770950,47,0.1111111111111111,100.0,0.8379635214805603,2.127659574468085
C_ColBERT_top4,1129560,msmarco_passage_10_493909355,79,0.0851063829787234,98.98989898989899,0.8465119004249573,2.5316455696202533
C_ColBERT_top4,1129560,msmarco_passage_03_36757255,35,0.125,95.95959595959596,0.67315474152565,2.857142857142857
C_ColBERT_top4,1129560,msmarco_passage_62_663066714,36,0.1,97.97979797979798,0.8489439288775126,0.0
C_ColBERT_top4,168329,msmarco_passage_03_152780110,36,0.2903225806451613,100.0,0.8816066980361938,0.0
C_ColBERT_top4,168329,msmarco_passage_17_253755796,43,0.3055555555555556,98.98989898989899,0.8972824811935425,2.3255813953488373
C_ColBERT_top4,168329,msmarco_passage_01_685626555,49,0.3125,96.96969696969697,0.851983904838562,0.0
C_ColBERT_top4,168329,msmarco_passage_44_581740341,49,0.2777777777777778,94.94949494949495,0.8731899559497833,0.0
C_ColBERT_top4,190623,msmarco_passage_08_377498739,69,0.09615384615384616,100.0,0.678953230381012,17.391304347826086
C_ColBERT_top4,190623,msmarco_passage_05_497938979,49,0.07317073170731707,98.98989898989899,0.6932831406593323,16.3265306122449
C_ColBERT_top4,190623,msmarco_passage_54_46604827,44,0.10256410256410256,97.97979797979798,0.5413031578063965,20.454545454545453
C_ColBERT_top4,190623,msmarco_passage_07_763160990,71,0.1111111111111111,96.96969696969697,0.6178249518076578,18.309859154929576
C_ColBERT_top4,2082,msmarco_passage_30_709623997,35,0.1282051282051282,100.0,0.8531272411346436,11.428571428571429
C_ColBERT_top4,2082,msmarco_passage_64_431617227,53,0.12,98.98989898989899,0.8750142455101013,3.7735849056603774
C_ColBERT_top4,2082,msmarco_passage_45_632929045,55,0.10204081632653061,97.97979797979798,0.8850676019986471,9.090909090909092
C_ColBERT_top4,2082,msmarco_passage_45_623131157,45,0.16666666666666666,96.96969696969697,0.889862577120463,11.11111111111111
C_ColBERT_top4,226975,msmarco_passage_65_219573228,43,0.15,100.0,0.8002766370773315,2.3255813953488373
C_ColBERT_top4,226975,msmarco_passage_52_269196632,53,0.06,98.98989898989899,0.8202025890350342,5.660377358490566
C_ColBERT_top4,226975,msmarco_passage_64_363384407,42,0.13157894736842105,97.97979797979798,0.7864229679107666,7.142857142857143
C_ColBERT_top4,226975,msmarco_passage_10_719901294,92,0.078125,96.96969696969697,0.7997814416885376,3.260869565217391
C_ColBERT_top4,23287,msmarco_passage_02_500358436,63,0.125,100.0,0.8231782913208008,0.0
C_ColBERT_top4,23287,msmarco_passage_37_406984666,53,0.08888888888888889,98.98989898989899,0.941059430440267,3.7735849056603774
C_ColBERT_top4,23287,msmarco_passage_03_865272429,59,0.08163265306122448,94.94949494949495,0.879435807466507,0.0
C_ColBERT_top4,23287,msmarco_passage_26_607486542,48,0.12195121951219512,90.9090909090909,0.8876886963844299,0.0
C_ColBERT_top4,237669,msmarco_passage_07_367182198,77,0.14285714285714285,100.0,0.9210417071978251,18.181818181818183
C_ColBERT_top4,237669,msmarco_passage_15_789050318,63,0.15555555555555556,97.97979797979798,0.872269868850708,11.11111111111111
C_ColBERT_top4,237669,msmarco_passage_07_367182777,53,0.14634146341463414,96.96969696969697,0.8778636852900187,13.20754716981132
C_ColBERT_top4,237669,msmarco_passage_45_442422969,42,0.17647058823529413,94.94949494949495,0.826145201921463,11.904761904761905
C_ColBERT_top4,253263,msmarco_passage_58_107305431,42,0.2972972972972973,100.0,0.7838876843452454,14.285714285714286
C_ColBERT_top4,253263,msmarco_passage_48_763440047,55,0.11538461538461539,98.98989898989899,0.7627126773198446,3.6363636363636362
C_ColBERT_top4,253263,msmarco_passage_48_836680363,14,0.5625,97.97979797979798,0.8029618859291077,0.0
C_ColBERT_top4,253263,msmarco_passage_66_685673120,47,0.13953488372093023,96.96969696969697,0.8204201857248942,2.127659574468085
C_ColBERT_top4,300025,msmarco_passage_23_307538604,44,0.10869565217391304,100.0,0.7885911266009012,13.636363636363637
C_ColBERT_top4,300025,msmarco_passage_10_457252165,99,0.07407407407407407,98.98989898989899,0.7922658324241638,14.141414141414142
C_ColBERT_top4,300025,msmarco_passage_20_736374757,50,0.0975609756097561,97.97979797979798,0.671708861986796,16.0
C_ColBERT_top4,300025,msmarco_passage_10_457250983,54,0.0784313725490196,96.96969696969697,0.7564747333526611,5.555555555555555
C_ColBERT_top4,300986,msmarco_passage_60_672040749,45,0.15384615384615385,100.0,0.8983289202054342,6.666666666666667
C_ColBERT_top4,300986,msmarco_passage_52_724524912,55,0.13513513513513514,97.97979797979798,0.8678619861602783,14.545454545454545
C_ColBERT_top4,300986,msmarco_passage_14_491490487,47,0.1282051282051282,96.96969696969697,0.8026589949925741,25.53191489361702
C_ColBERT_top4,300986,msmarco_passage_44_178929410,59,0.11363636363636363,95.95959595959596,0.8328785002231598,1.694915254237288
C_ColBERT_top4,30611,msmarco_passage_11_59934478,66,0.13636363636363635,100.0,0.7967970371246338,10.606060606060606
C_ColBERT_top4,30611,msmarco_passage_01_436571677,53,0.13953488372093023,98.98989898989899,0.7983033855756124,11.320754716981131
C_ColBERT_top4,30611,msmarco_passage_02_448906411,89,0.125,97.97979797979798,0.7496555050214132,16.853932584269664
C_ColBERT_top4,30611,msmarco_passage_11_59936302,62,0.125,96.96969696969697,0.8147579828898112,17.741935483870968
C_ColBERT_top4,337656,msmarco_passage_10_733659281,29,0.16666666666666666,100.0,0.6551427642504374,17.24137931034483
C_ColBERT_top4,337656,msmarco_passage_45_114413828,59,0.09433962264150944,98.98989898989899,0.816394567489624,6.779661016949152
C_ColBERT_top4,337656,msmarco_passage_02_244988916,57,0.12,96.96969696969697,0.7709967891375223,10.526315789473685
C_ColBERT_top4,337656,msmarco_passage_24_336760901,79,0.1016949152542373,95.95959595959596,0.6309302300214767,17.72151898734177
C_ColBERT_top4,364210,msmarco_passage_11_678680186,55,0.15789473684210525,100.0,0.9315369129180908,5.454545454545454
C_ColBERT_top4,364210,msmarco_passage_55_272628196,70,0.10869565217391304,97.97979797979798,0.9315369526545206,1.4285714285714286
C_ColBERT_top4,364210,msmarco_passage_25_596444800,37,0.13333333333333333,95.95959595959596,0.7708961963653564,2.7027027027027026
C_ColBERT_top4,364210,msmarco_passage_11_73533498,64,0.10204081632653061,94.94949494949495,0.8435438275337219,3.125
C_ColBERT_top4,395948,msmarco_passage_66_136128052,45,0.09090909090909091,100.0,0.7936560312906901,13.333333333333334
C_ColBERT_top4,395948,msmarco_passage_66_136129737,52,0.1,98.98989898989899,0.7703065077463785,21.153846153846153
C_ColBERT_top4,395948,msmarco_passage_52_407368767,53,0.06382978723404255,97.97979797979798,0.7966740926106771,15.09433962264151
C_ColBERT_top4,395948,msmarco_passage_00_335703110,58,0.0625,96.96969696969697,0.8213322559992472,13.793103448275861
C_ColBERT_top4,421946,msmarco_passage_38_643300933,47,0.16129032258064516,100.0,0.7817065715789795,8.51063829787234
C_ColBERT_top4,421946,msmarco_passage_38_643493231,53,0.11904761904761904,97.97979797979798,0.6802237232526144,3.7735849056603774
C_ColBERT_top4,421946,msmarco_passage_48_124892275,54,0.08,96.96969696969697,0.7051229675610861,1.8518518518518519
C_ColBERT_top4,421946,msmarco_passage_04_389002915,55,0.125,95.95959595959596,0.6847842782735825,1.8181818181818181
C_ColBERT_top4,493490,msmarco_passage_55_560686346,63,0.06,100.0,0.7952663699785868,7.936507936507937
C_ColBERT_top4,493490,msmarco_passage_02_234807989,70,0.05263157894736842,98.98989898989899,0.8119194308916727,4.285714285714286
C_ColBERT_top4,493490,msmarco_passage_09_749452951,46,0.09090909090909091,97.97979797979798,0.8522200187047323,6.521739130434782
C_ColBERT_top4,493490,msmarco_passage_06_803493824,48,0.045454545454545456,95.95959595959596,0.8161232173442841,8.333333333333334
C_ColBERT_top4,505390,msmarco_passage_38_122727514,78,0.10344827586206896,100.0,0.9043649633725485,3.8461538461538463
C_ColBERT_top4,505390,msmarco_passage_66_598889,64,0.0625,98.98989898989899,0.9248374501864115,3.125
C_ColBERT_top4,505390,msmarco_passage_66_121762269,67,0.058823529411764705,97.97979797979798,0.9149987498919169,5.970149253731344
C_ColBERT_top4,505390,msmarco_passage_38_122732738,61,0.08,96.96969696969697,0.8831757505734762,3.278688524590164
C_ColBERT_top4,508292,msmarco_passage_38_118466941,43,0.16666666666666666,100.0,0.8897852500279745,0.0
C_ColBERT_top4,508292,msmarco_passage_22_668222685,61,0.09523809523809523,98.98989898989899,0.8940115571022034,0.0
C_ColBERT_top4,508292,msmarco_passage_61_356638212,44,0.11764705882352941,97.97979797979798,0.8946070472399393,2.272727272727273
C_ColBERT_top4,508292,msmarco_passage_14_475507120,53,0.09523809523809523,96.96969696969697,0.8689799706141154,1.8867924528301887
C_ColBERT_top4,540006,msmarco_passage_58_39424363,69,0.07692307692307693,100.0,0.7609923084576925,2.898550724637681
C_ColBERT_top4,540006,msmarco_passage_58_39423436,48,0.10256410256410256,98.98989898989899,0.806237796942393,18.75
C_ColBERT_top4,540006,msmarco_passage_25_833258014,28,0.11538461538461539,97.97979797979798,0.7826821208000183,14.285714285714286
C_ColBERT_top4,540006,msmarco_passage_40_158087024,43,0.05,96.96969696969697,0.7847734491030375,16.27906976744186
C_ColBERT_top4,596569,msmarco_passage_12_270377801,26,0.2692307692307692,100.0,0.7374825676282247,11.538461538461538
C_ColBERT_top4,596569,msmarco_passage_57_570209973,54,0.14,98.98989898989899,0.8593008518218994,3.7037037037037037
C_ColBERT_top4,596569,msmarco_passage_66_170950934,59,0.125,97.97979797979798,0.8494856754938761,1.694915254237288
C_ColBERT_top4,596569,msmarco_passage_32_199421070,56,0.13333333333333333,96.96969696969697,0.8509937326113383,8.928571428571429
C_ColBERT_top4,629937,msmarco_passage_35_98010201,48,0.125,100.0,0.7481008966763815,0.0
C_ColBERT_top4,629937,msmarco_passage_09_791178425,39,0.17142857142857143,98.98989898989899,0.8886385758717855,0.0
C_ColBERT_top4,629937,msmarco_passage_35_97813720,61,0.11627906976744186,96.96969696969697,0.8701484799385071,0.0
C_ColBERT_top4,629937,msmarco_passage_53_692894208,52,0.0851063829787234,95.95959595959596,0.8148162364959717,5.769230769230769
C_ColBERT_top4,646091,msmarco_passage_30_7772264,29,0.11538461538461539,100.0,0.9452152252197266,0.0
C_ColBERT_top4,646091,msmarco_passage_27_626193579,49,0.05714285714285714,97.97979797979798,0.9135055541992188,0.0
C_ColBERT_top4,646091,msmarco_passage_06_450899513,50,0.05,96.96969696969697,0.900841236114502,2.0
C_ColBERT_top4,646091,msmarco_passage_53_592569309,43,0.07894736842105263,94.94949494949495,0.8853220194578171,2.3255813953488373
C_ColBERT_top4,647362,msmarco_passage_58_297970877,52,0.1,100.0,0.8217334747314453,5.769230769230769
C_ColBERT_top4,647362,msmarco_passage_04_149555778,39,0.17647058823529413,98.98989898989899,0.7988815307617188,0.0
C_ColBERT_top4,647362,msmarco_passage_58_297967826,54,0.075,97.97979797979798,0.7880077560742696,1.8518518518518519
C_ColBERT_top4,647362,msmarco_passage_04_190620328,54,0.1935483870967742,96.96969696969697,0.7268611391385397,0.0
C_ColBERT_top4,661905,msmarco_passage_38_642898398,45,0.20512820512820512,100.0,0.8442256848017374,2.2222222222222223
C_ColBERT_top4,661905,msmarco_passage_16_689871674,44,0.16216216216216217,98.98989898989899,0.86554882923762,2.272727272727273
C_ColBERT_top4,661905,msmarco_passage_08_352299541,67,0.10344827586206896,97.97979797979798,0.8682020703951517,0.0
C_ColBERT_top4,661905,msmarco_passage_26_186871582,50,0.1956521739130435,96.96969696969697,0.8532893657684326,0.0
C_ColBERT_top4,681645,msmarco_passage_38_542548004,41,0.14705882352941177,100.0,0.8174100120862325,0.0
C_ColBERT_top4,681645,msmarco_passage_07_784479248,48,0.1282051282051282,98.98989898989899,0.8094833691914877,2.0833333333333335
C_ColBERT_top4,681645,msmarco_passage_07_784475446,38,0.2,97.97979797979798,0.8311410744984945,2.6315789473684212
C_ColBERT_top4,681645,msmarco_passage_52_157010218,57,0.1111111111111111,96.96969696969697,0.8330855170885721,0.0
C_ColBERT_top4,688007,msmarco_passage_03_266477381,33,0.10714285714285714,100.0,0.7865586876869202,3.0303030303030303
C_ColBERT_top4,688007,msmarco_passage_33_766598147,55,0.06976744186046512,98.98989898989899,0.8567008972167969,16.363636363636363
C_ColBERT_top4,688007,msmarco_passage_03_266478313,46,0.07692307692307693,96.96969696969697,0.8314884305000305,2.1739130434782608
C_ColBERT_top4,688007,msmarco_passage_31_739159592,49,0.08571428571428572,95.95959595959596,0.8500721603631973,2.0408163265306123
C_ColBERT_top4,707882,msmarco_passage_30_366123879,31,0.16,100.0,0.8758477767308553,6.451612903225806
C_ColBERT_top4,707882,msmarco_passage_08_846998411,68,0.05660377358490566,98.98989898989899,0.8843802611033121,5.882352941176471
C_ColBERT_top4,707882,msmarco_passage_08_847001055,40,0.06060606060606061,97.97979797979798,0.8330455819765726,10.0
C_ColBERT_top4,707882,msmarco_passage_30_366125585,47,0.08108108108108109,95.95959595959596,0.7543738782405853,12.76595744680851
C_ColBERT_top4,764738,msmarco_passage_25_498432234,56,0.13513513513513514,100.0,0.8058774272600809,1.7857142857142858
C_ColBERT_top4,764738,msmarco_passage_40_512427116,46,0.1111111111111111,98.98989898989899,0.9045029679934183,17.391304347826086
C_ColBERT_top4,764738,msmarco_passage_17_501552228,43,0.17857142857142858,96.96969696969697,0.8650557001431783,2.3255813953488373
C_ColBERT_top4,764738,msmarco_passage_25_498024196,54,0.15625,94.94949494949495,0.8513116836547852,9.25925925925926
C_ColBERT_top4,806694,msmarco_passage_61_123799590,16,0.42105263157894735,100.0,0.8314807216326395,12.5
C_ColBERT_top4,806694,msmarco_passage_68_793393632,74,0.11290322580645161,98.98989898989899,0.7433619499206543,14.864864864864865
C_ColBERT_top4,806694,msmarco_passage_03_862597299,47,0.16216216216216217,97.97979797979798,0.8467618227005005,12.76595744680851
C_ColBERT_top4,806694,msmarco_passage_35_352621632,55,0.0851063829787234,96.96969696969697,0.8462100227673849,21.818181818181817
C_ColBERT_top4,818583,msmarco_passage_38_498013421,49,0.2903225806451613,100.0,0.8922439614931742,6.122448979591836
C_ColBERT_top4,818583,msmarco_passage_14_602333503,53,0.22580645161290322,98.98989898989899,0.9189979036649069,11.320754716981131
C_ColBERT_top4,818583,msmarco_passage_14_602257483,45,0.13513513513513514,97.97979797979798,0.9400891661643982,6.666666666666667
C_ColBERT_top4,818583,msmarco_passage_38_492156110,55,0.1891891891891892,95.95959595959596,0.8908073902130127,10.909090909090908
C_ColBERT_top4,832573,msmarco_passage_24_205403578,29,0.0625,100.0,0.8333080808321635,6.896551724137931
C_ColBERT_top4,832573,msmarco_passage_48_735882301,41,0.16129032258064516,98.98989898989899,0.8779572248458862,7.317073170731708
C_ColBERT_top4,832573,msmarco_passage_36_760432315,30,0.06060606060606061,96.96969696969697,0.8190549413363138,3.3333333333333335
C_ColBERT_top4,832573,msmarco_passage_36_856824266,30,0.13636363636363635,95.95959595959596,0.833512544631958,0.0
C_ColBERT_top4,835760,msmarco_passage_15_588172240,48,0.16216216216216217,100.0,0.9042719602584839,4.166666666666667
C_ColBERT_top4,835760,msmarco_passage_29_482632351,34,0.21428571428571427,98.98989898989899,0.905962606271108,5.882352941176471
C_ColBERT_top4,835760,msmarco_passage_04_156883639,67,0.2631578947368421,97.97979797979798,0.9024943510691324,1.492537313432836
C_ColBERT_top4,835760,msmarco_passage_28_781805823,51,0.1794871794871795,96.96969696969697,0.8562411268552145,5.882352941176471
C_ColBERT_top4,845121,msmarco_passage_18_309798117,46,0.19444444444444445,100.0,0.8661530017852783,8.695652173913043
C_ColBERT_top4,845121,msmarco_passage_52_246108062,44,0.23333333333333334,98.98989898989899,0.8869258960088094,13.636363636363637
C_ColBERT_top4,845121,msmarco_passage_34_59598021,40,0.2222222222222222,97.97979797979798,0.9146905342737833,12.5
C_ColBERT_top4,845121,msmarco_passage_01_649801203,40,0.24,96.96969696969697,0.889086127281189,17.5
C_ColBERT_top4,935353,msmarco_passage_01_116824619,66,0.08771929824561403,100.0,0.895955502986908,19.696969696969695
C_ColBERT_top4,935353,msmarco_passage_45_272090219,42,0.16216216216216217,97.97979797979798,0.8550251126289368,21.428571428571427
C_ColBERT_top4,935353,msmarco_passage_27_782235490,47,0.11904761904761904,96.96969696969697,0.8508747617403666,23.404255319148938
C_ColBERT_top4,935353,msmarco_passage_03_399019105,93,0.1076923076923077,95.95959595959596,0.8582312017679214,15.053763440860216
C_ColBERT_top4,935964,msmarco_passage_54_800252753,38,0.17647058823529413,100.0,0.9348519643147787,15.789473684210526
C_ColBERT_top4,935964,msmarco_passage_03_424881978,55,0.13333333333333333,98.98989898989899,0.9424712459246317,12.727272727272727
C_ColBERT_top4,935964,msmarco_passage_67_44904878,51,0.18604651162790697,96.96969696969697,0.9085071484247843,17.647058823529413
C_ColBERT_top4,935964,msmarco_passage_31_370485379,45,0.13157894736842105,94.94949494949495,0.8102464228868484,13.333333333333334
C_ColBERT_top4,952262,msmarco_passage_04_375241745,47,0.30303030303030304,100.0,1.0,8.51063829787234
C_ColBERT_top4,952262,msmarco_passage_54_265700064,43,0.2727272727272727,95.95959595959596,0.9112849831581116,4.651162790697675
C_ColBERT_top4,952262,msmarco_passage_38_632156574,64,0.25,94.94949494949495,0.9000821113586426,4.6875
C_ColBERT_top4,952262,msmarco_passage_42_857904295,59,0.21739130434782608,92.92929292929293,0.8333074450492859,6.779661016949152
C_ColBERT_top4,952284,msmarco_passage_30_313376847,55,0.21875,100.0,0.7807036439577738,7.2727272727272725
C_ColBERT_top4,952284,msmarco_passage_22_850847499,70,0.16666666666666666,98.98989898989899,0.7851070761680603,4.285714285714286
C_ColBERT_top4,952284,msmarco_passage_32_132398653,48,0.15217391304347827,97.97979797979798,0.779884914557139,6.25
C_ColBERT_top4,952284,msmarco_passage_38_844695644,52,0.19047619047619047,96.96969696969697,0.7389163374900818,1.9230769230769231
C_ColBERT_top4,975079,msmarco_passage_34_122507568,81,0.06779661016949153,100.0,0.8756202260653178,22.22222222222222
C_ColBERT_top4,975079,msmarco_passage_68_160730821,79,0.08,98.98989898989899,0.8569969534873962,10.126582278481013
C_ColBERT_top4,975079,msmarco_passage_19_577300446,44,0.10526315789473684,97.97979797979798,0.9155826568603516,13.636363636363637
C_ColBERT_top4,975079,msmarco_passage_04_428426158,56,0.09523809523809523,94.94949494949495,0.8930617868900299,17.857142857142858
